subject,classifier,pca_components,eer_pct,split_sd_pct,n_splits
1,LDA,10,1.3846153846153846,1.2573111486108233,10
1,LDA,20,2.923076923076923,4.222256825353897,10
1,LDA,40,4.0,6.6196015623877145,10
1,LDA,80,4.205128205128205,5.815986542859699,10
1,LDA,150,7.230769230769231,8.22451413585252,10
1,k-NN,10,7.411970486356869,8.102501312434821,10
1,k-NN,20,6.0819649641191535,7.33532686937794,10
1,k-NN,40,5.591642218636146,9.416463232841789,10
1,k-NN,80,7.4005929615129915,8.097360753219986,10
1,k-NN,150,8.976635815621265,8.240847847410702,10
2,LDA,10,0.9743589743589742,1.0383823964777736,10
2,LDA,20,0.05128205128205132,0.16216808513684008,10
2,LDA,40,0.0,0.0,10
2,LDA,80,0.0,0.0,10
2,LDA,150,0.0,0.0,10
2,k-NN,10,0.28604651162790684,0.6362305994201184,10
2,k-NN,20,0.050000000000000024,0.15811388300841903,10
2,k-NN,40,0.0,0.0,10
2,k-NN,80,0.0,0.0,10
2,k-NN,150,0.0,0.0,10
3,LDA,10,15.025641025641026,6.201383344079956,10
3,LDA,20,1.794871794871795,1.891960993263133,10
3,LDA,40,0.1025641025641025,0.3243361702736798,10
3,LDA,80,0.0,0.0,10
3,LDA,150,0.0,0.0,10
3,k-NN,10,15.620218178123414,14.293034635534164,10
3,k-NN,20,6.0686317315125695,5.9882201121742895,10
3,k-NN,40,4.447088059130878,6.893851068312059,10
3,k-NN,80,4.398165853611352,6.8447351050319325,10
3,k-NN,150,5.875566574852585,7.783256714949412,10
4,LDA,10,5.076923076923077,3.396938629415105,10
4,LDA,20,2.769230769230769,2.0541290783999724,10
4,LDA,40,0.35897435897435903,0.8036006340884211,10
4,LDA,80,0.05128205128205132,0.16216808513684008,10
4,LDA,150,0.2051282051282052,0.49543168363040824,10
4,k-NN,10,12.517974446971667,12.385842012705584,10
4,k-NN,20,8.47413817759352,7.535800752358842,10
4,k-NN,40,3.8805013988459516,7.080036372713965,10
4,k-NN,80,1.010156423752687,1.3100210888466104,10
4,k-NN,150,0.9398761130468447,1.2360229649435017,10
5,LDA,10,5.692307692307692,2.2215646627397923,10
5,LDA,20,3.3846153846153846,1.7466037298386052,10
5,LDA,40,1.8974358974358974,2.094278720792038,10
5,LDA,80,1.487179487179487,1.5183875549540138,10
5,LDA,150,1.641025641025641,1.59991233597232,10
5,k-NN,10,6.908729475468929,7.118694062797845,10
5,k-NN,20,3.7603724813777952,4.861177750713615,10
5,k-NN,40,6.583199041709591,7.430718857463198,10
5,k-NN,80,5.469852317664166,6.310334129483234,10
5,k-NN,150,2.9261003920258215,1.481622045805251,10
6,LDA,10,0.0,0.0,10
6,LDA,20,0.0,0.0,10
6,LDA,40,0.0,0.0,10
6,LDA,80,0.0,0.0,10
6,LDA,150,0.0,0.0,10
6,k-NN,10,0.0,0.0,10
6,k-NN,20,0.0,0.0,10
6,k-NN,40,0.0,0.0,10
6,k-NN,80,0.0,0.0,10
6,k-NN,150,0.0,0.0,10
7,LDA,10,0.3076923076923078,0.35856712757953896,10
7,LDA,20,0.512820512820513,0.4834918161959299,10
7,LDA,40,0.0,0.0,10
7,LDA,80,0.0,0.0,10
7,LDA,150,0.0,0.0,10
7,k-NN,10,0.3534215768168083,0.34168344072432405,10
7,k-NN,20,0.3520408163265302,0.33850800847751766,10
7,k-NN,40,0.10204081632653013,0.21512092926315401,10
7,k-NN,80,0.10204081632653013,0.21512092926315401,10
7,k-NN,150,0.15204081632653016,0.2448247244996252,10
8,LDA,10,0.10256410256410264,0.2162241135157868,10
8,LDA,20,0.0,0.0,10
8,LDA,40,0.0,0.0,10
8,LDA,80,0.0,0.0,10
8,LDA,150,0.0,0.0,10
8,k-NN,10,0.0,0.0,10
8,k-NN,20,0.0,0.0,10
8,k-NN,40,0.0,0.0,10
8,k-NN,80,0.0,0.0,10
8,k-NN,150,0.0,0.0,10
9,LDA,10,5.538461538461538,4.553558677818101,10
9,LDA,20,1.9487179487179485,2.3784652486736526,10
9,LDA,40,0.4615384615384615,0.8180161445473776,10
9,LDA,80,0.0,0.0,10
9,LDA,150,0.0,0.0,10
9,k-NN,10,6.8108062029424605,8.971501145444236,10
9,k-NN,20,2.222085512617924,5.160857517708769,10
9,k-NN,40,2.123139259480148,5.229456308451175,10
9,k-NN,80,2.060571048636075,5.226924724758351,10
9,k-NN,150,2.288752179284591,5.172726970972061,10
10,LDA,10,2.769230769230769,3.738864441570548,10
10,LDA,20,0.05128205128205132,0.16216808513684008,10
10,LDA,40,0.05128205128205132,0.16216808513684008,10
10,LDA,80,0.0,0.0,10
10,LDA,150,0.0,0.0,10
10,k-NN,10,8.333333333333332,8.78410461157883,10
10,k-NN,20,8.333333333333332,8.78410461157883,10
10,k-NN,40,8.333333333333332,8.78410461157883,10
10,k-NN,80,8.333333333333332,8.78410461157883,10
10,k-NN,150,8.333333333333332,8.78410461157883,10
11,LDA,10,0.5128205128205129,0.9669836323918598,10
11,LDA,20,0.0,0.0,10
11,LDA,40,0.0,0.0,10
11,LDA,80,0.0,0.0,10
11,LDA,150,0.0,0.0,10
11,k-NN,10,0.0,0.0,10
11,k-NN,20,0.0,0.0,10
11,k-NN,40,0.050000000000000024,0.15811388300841903,10
11,k-NN,80,0.0,0.0,10
11,k-NN,150,0.0,0.0,10
12,LDA,10,0.4102564102564103,0.5296387481993048,10
12,LDA,20,0.0,0.0,10
12,LDA,40,0.0,0.0,10
12,LDA,80,0.0,0.0,10
12,LDA,150,0.0,0.0,10
12,k-NN,10,0.0508474576271188,0.16079377933059605,10
12,k-NN,20,0.050000000000000024,0.15811388300841903,10
12,k-NN,40,0.05128205128205132,0.16216808513684008,10
12,k-NN,80,0.050000000000000024,0.15811388300841903,10
12,k-NN,150,0.0,0.0,10
13,LDA,10,3.282051282051282,2.5492447018539828,10
13,LDA,20,1.1282051282051282,0.8980461905342699,10
13,LDA,40,0.10256410256410264,0.2162241135157868,10
13,LDA,80,0.4615384615384614,0.8529897401623691,10
13,LDA,150,0.8205128205128206,1.213554827302485,10
13,k-NN,10,0.050000000000000024,0.15811388300841903,10
13,k-NN,20,0.097560975609756,0.30851489367496354,10
13,k-NN,40,0.050000000000000024,0.15811388300841903,10
13,k-NN,80,0.050000000000000024,0.15811388300841903,10
13,k-NN,150,0.097560975609756,0.30851489367496354,10
14,LDA,10,0.20512820512820515,0.64867234054736,10
14,LDA,20,0.05128205128205132,0.16216808513684008,10
14,LDA,40,0.0,0.0,10
14,LDA,80,0.05128205128205132,0.16216808513684008,10
14,LDA,150,0.10256410256410264,0.2162241135157868,10
14,k-NN,10,0.14285714285714274,0.4517539514526253,10
14,k-NN,20,0.0,0.0,10
14,k-NN,40,0.0,0.0,10
14,k-NN,80,0.0,0.0,10
14,k-NN,150,0.0,0.0,10
15,LDA,10,28.256410256410255,8.431527544382595,10
15,LDA,20,5.6410256410256405,4.3109470813396555,10
15,LDA,40,0.8205128205128205,1.4544989665765913,10
15,LDA,80,0.0,0.0,10
15,LDA,150,0.0,0.0,10
15,k-NN,10,1.2626764395458312,0.5920826373307609,10
15,k-NN,20,1.260561356224368,0.5385255410077238,10
15,k-NN,40,0.8072073157815947,0.5365138277884446,10
15,k-NN,80,0.8570563393195048,0.5229253501757132,10
15,k-NN,150,1.0927147600058642,0.7531908167888829,10
16,LDA,10,4.82051282051282,2.8624185557517237,10
16,LDA,20,0.7179487179487178,1.2607924044161212,10
16,LDA,40,0.2564102564102565,0.6509207782789667,10
16,LDA,80,0.8717948717948717,2.2425109331429227,10
16,LDA,150,1.1282051282051282,1.5999123359723202,10
16,k-NN,10,15.252146693331222,14.558128555958007,10
16,k-NN,20,10.832549980044124,13.259621430525767,10
16,k-NN,40,3.58400061882906,8.90322930570353,10
16,k-NN,80,3.540131960254519,8.915987752468856,10
16,k-NN,150,3.5423523037610716,8.915294150530057,10
17,LDA,10,5.846153846153847,3.8162177811626194,10
17,LDA,20,3.7435897435897436,4.242967823527996,10
17,LDA,40,0.6153846153846154,1.2973446810947198,10
17,LDA,80,1.2307692307692308,3.892034043284159,10
17,LDA,150,0.5641025641025641,1.7838489365052395,10
17,k-NN,10,10.000835406659151,15.157736290586147,10
17,k-NN,20,9.619035902102269,13.315986754384117,10
17,k-NN,40,9.029014383389718,13.855745276266418,10
17,k-NN,80,6.858500858068934,10.30752566625211,10
17,k-NN,150,7.002403297093326,10.2135693286569,10
18,LDA,10,2.102564102564102,2.5862293156635308,10
18,LDA,20,1.948717948717949,4.1082581567999465,10
18,LDA,40,0.3589743589743589,0.8391752279407573,10
18,LDA,80,0.3076923076923077,0.9730085108210398,10
18,LDA,150,0.05128205128205132,0.16216808513684008,10
18,k-NN,10,1.3784026410715546,1.1665946289094247,10
18,k-NN,20,3.176927589666037,5.068251018937197,10
18,k-NN,40,2.4489500927185546,5.219330197664129,10
18,k-NN,80,2.2124250499666878,5.272292644272671,10
18,k-NN,150,0.6458474837912933,1.0139809202599077,10
19,LDA,10,7.333333333333333,8.53691711946385,10
19,LDA,20,8.102564102564102,10.24443745623217,10
19,LDA,40,8.102564102564102,10.241584726524042,10
19,LDA,80,8.153846153846153,10.206287783624195,10
19,LDA,150,7.384615384615385,9.4194083600542,10
19,k-NN,10,6.766985656048848,8.629992186741674,10
19,k-NN,20,6.767297195558063,8.630731315763226,10
19,k-NN,40,3.6026076212771487,6.986472563371313,10
19,k-NN,80,2.441209710342069,5.219503068643843,10
19,k-NN,150,0.9747756308731917,1.0884961746321473,10
20,LDA,10,1.1282051282051282,1.6537964611894458,10
20,LDA,20,0.2564102564102565,0.3626188621469474,10
20,LDA,40,0.8717948717948719,1.7272571732060347,10
20,LDA,80,0.2564102564102564,0.8108404256841998,10
20,LDA,150,0.2564102564102565,0.49837195682438473,10
20,k-NN,10,9.390601268650048,12.064149347880956,10
20,k-NN,20,1.717514124293785,5.255026974251579,10
20,k-NN,40,1.6666666666666665,5.270462766947298,10
20,k-NN,80,1.6666666666666665,5.270462766947298,10
20,k-NN,150,1.6666666666666665,5.270462766947298,10
21,LDA,10,4.102564102564102,4.8349181619592985,10
21,LDA,20,0.5128205128205128,0.6837606837606838,10
21,LDA,40,0.0,0.0,10
21,LDA,80,0.0,0.0,10
21,LDA,150,0.0,0.0,10
21,k-NN,10,0.9463438555694548,1.3327499505049525,10
21,k-NN,20,0.0,0.0,10
21,k-NN,40,0.050000000000000024,0.15811388300841903,10
21,k-NN,80,0.050000000000000024,0.15811388300841903,10
21,k-NN,150,0.050000000000000024,0.15811388300841903,10
22,LDA,10,2.41025641025641,0.594616312168413,10
22,LDA,20,0.4615384615384615,0.44902309526713474,10
22,LDA,40,0.8205128205128206,0.9730085108210396,10
22,LDA,80,0.8205128205128206,0.6922549309851825,10
22,LDA,150,1.7435897435897434,2.4077698272354207,10
22,k-NN,10,0.097560975609756,0.3085148936749636,10
22,k-NN,20,0.0,0.0,10
22,k-NN,40,0.0,0.0,10
22,k-NN,80,0.0,0.0,10
22,k-NN,150,0.0,0.0,10
23,LDA,10,7.230769230769231,4.843673523758899,10
23,LDA,20,5.333333333333333,5.072057295905155,10
23,LDA,40,1.5384615384615388,2.7457057101211984,10
23,LDA,80,0.8205128205128205,1.3717882152300087,10
23,LDA,150,0.717948717948718,1.2135548273024854,10
23,k-NN,10,11.263120822757367,12.934174922547411,10
23,k-NN,20,8.877363228012443,10.205619424456998,10
23,k-NN,40,7.589591949068742,9.812014517672992,10
23,k-NN,80,5.963673034188828,7.618370009510666,10
23,k-NN,150,6.377175072062099,7.428622148562901,10
24,LDA,10,3.3846153846153846,4.6826375844824435,10
24,LDA,20,1.641025641025641,3.6885070657808345,10
24,LDA,40,0.4102564102564104,0.9609209793200135,10
24,LDA,80,0.05128205128205132,0.16216808513684008,10
24,LDA,150,0.15384615384615397,0.24771584181520426,10
24,k-NN,10,5.454251896325674,7.7472006348886655,10
24,k-NN,20,0.09999999999999991,0.31622776601683766,10
24,k-NN,40,0.097560975609756,0.30851489367496354,10
24,k-NN,80,0.19756097560975605,0.4165347798408989,10
24,k-NN,150,0.3,0.48304589153964794,10
25,LDA,10,4.82051282051282,5.066292937529628,10
25,LDA,20,3.8461538461538467,7.020003144745665,10
25,LDA,40,0.7692307692307689,2.0970673754504774,10
25,LDA,80,1.1282051282051282,2.4271096546049704,10
25,LDA,150,1.3333333333333333,4.03939979151916,10
25,k-NN,10,1.9394112850003666,1.161284111514411,10
25,k-NN,20,3.282003899130177,4.980275927166559,10
25,k-NN,40,2.737914861941318,5.126112558384643,10
25,k-NN,80,1.3124892334194667,1.4539320214874123,10
25,k-NN,150,1.7348079046692928,1.713089419214241,10
26,LDA,10,4.717948717948718,3.632629458909947,10
26,LDA,20,3.897435897435898,4.491532280318631,10
26,LDA,40,4.717948717948718,7.005627909913268,10
26,LDA,80,3.230769230769231,4.311285978952799,10
26,LDA,150,3.282051282051282,6.2630388499443335,10
26,k-NN,10,0.5304392943618121,0.6521456150610363,10
26,k-NN,20,0.3880371660859466,0.6301855006781574,10
26,k-NN,40,0.2825581395348836,0.7348422207233405,10
26,k-NN,80,0.19047619047619055,0.6023386019368344,10
26,k-NN,150,0.24390243902439024,0.5268894876754359,10
27,LDA,10,0.25641025641025633,0.43581363364040876,10
27,LDA,20,0.4102564102564104,0.6303962022080607,10
27,LDA,40,0.0,0.0,10
27,LDA,80,0.0,0.0,10
27,LDA,150,0.0,0.0,10
27,k-NN,10,0.333607487237663,0.6280662818590051,10
27,k-NN,20,0.050000000000000024,0.15811388300841903,10
27,k-NN,40,0.0,0.0,10
27,k-NN,80,0.050000000000000024,0.15811388300841903,10
27,k-NN,150,0.0,0.0,10
28,LDA,10,8.871794871794872,4.187510869100762,10
28,LDA,20,6.0,4.606195347139539,10
28,LDA,40,7.589743589743589,7.158291871891912,10
28,LDA,80,6.3589743589743595,7.6759560298104255,10
28,LDA,150,6.3589743589743595,7.664527233909257,10
28,k-NN,10,8.89863833027881,8.268830978499038,10
28,k-NN,20,10.716345807469319,7.975964031839477,10
28,k-NN,40,10.550499983212688,8.127954048371569,10
28,k-NN,80,10.431347375499534,8.228632019805362,10
28,k-NN,150,10.555096429408495,8.108756091347727,10
29,LDA,10,5.230769230769231,1.5441490311981148,10
29,LDA,20,0.8205128205128205,1.1892326243368265,10
29,LDA,40,0.0,0.0,10
29,LDA,80,0.0,0.0,10
29,LDA,150,0.0,0.0,10
29,k-NN,10,2.8536667140993464,0.9989264981937309,10
29,k-NN,20,1.1272833574823966,1.3143857261985696,10
29,k-NN,40,0.4279056386651323,0.6944723074065592,10
29,k-NN,80,0.4183544604282391,0.8587025289738134,10
29,k-NN,150,0.5060284983558636,0.9852166254317791,10
30,LDA,10,2.769230769230769,2.1102631606168836,10
30,LDA,20,2.102564102564102,0.8180161445473776,10
30,LDA,40,2.0512820512820515,3.1426968052735447,10
30,LDA,80,0.6666666666666667,1.1351765959578797,10
30,LDA,150,0.5128205128205129,1.0256410256410258,10
30,k-NN,10,0.38116846284741895,0.659298050166668,10
30,k-NN,20,0.32890365448504977,0.7008225830396807,10
30,k-NN,40,0.0,0.0,10
30,k-NN,80,0.050000000000000024,0.15811388300841903,10
30,k-NN,150,0.10000000000000005,0.21081851067789203,10
31,LDA,10,3.487179487179487,2.948903747397993,10
31,LDA,20,2.8205128205128203,2.852704148423699,10
31,LDA,40,0.8205128205128205,1.1130817501606636,10
31,LDA,80,0.2564102564102565,0.6509207782789667,10
31,LDA,150,0.0,0.0,10
31,k-NN,10,2.8571428571428568,9.035079029052511,10
31,k-NN,20,1.6666666666666665,5.270462766947299,10
31,k-NN,40,1.6666666666666665,5.270462766947299,10
31,k-NN,80,4.523809523809524,9.94124842547412,10
31,k-NN,150,4.523809523809524,9.94124842547412,10
32,LDA,10,0.8717948717948719,0.9684933657583107,10
32,LDA,20,0.05128205128205132,0.16216808513684008,10
32,LDA,40,0.0,0.0,10
32,LDA,80,0.3076923076923077,0.9730085108210398,10
32,LDA,150,3.5252627688201885,7.166869732771944,10
32,k-NN,10,3.500962352587122,6.980534311093994,10
32,k-NN,20,6.673819742489269,8.615888983704096,10
32,k-NN,40,0.0,0.0,10
32,k-NN,80,1.6666666666666665,5.270462766947298,10
32,k-NN,150,1.6666666666666665,5.270462766947298,10
33,LDA,10,3.230769230769231,2.7141294457984,10
33,LDA,20,5.538461538461538,6.472292412279922,10
33,LDA,40,0.9743589743589741,1.4793980528833368,10
33,LDA,80,1.5897435897435896,2.4588066512628135,10
33,LDA,150,2.8717948717948714,4.237109985594439,10
33,k-NN,10,0.3404181184668988,0.5092244395939459,10
33,k-NN,20,0.14756097560975603,0.33066800755166814,10
33,k-NN,40,0.050000000000000024,0.15811388300841903,10
33,k-NN,80,0.050000000000000024,0.15811388300841903,10
33,k-NN,150,0.0,0.0,10
34,LDA,10,0.9230769230769228,0.6303962022080607,10
34,LDA,20,0.0,0.0,10
34,LDA,40,0.0,0.0,10
34,LDA,80,0.0,0.0,10
34,LDA,150,1.6666666666666665,5.270462766947299,10
34,k-NN,10,0.0,0.0,10
34,k-NN,20,0.0,0.0,10
34,k-NN,40,0.0,0.0,10
34,k-NN,80,0.0,0.0,10
34,k-NN,150,0.0,0.0,10
35,LDA,10,31.333333333333332,11.20786278379115,10
35,LDA,20,15.333333333333334,8.203169281829142,10
35,LDA,40,7.846153846153845,8.293857848965537,10
35,LDA,80,1.1794871794871795,1.2573111486108235,10
35,LDA,150,0.8717948717948717,1.0824711247170984,10
35,k-NN,10,26.383512794172407,12.402264776153297,10
35,k-NN,20,26.262904367339694,10.839297533962245,10
35,k-NN,40,20.94743002703616,14.134375974632905,10
35,k-NN,80,20.87476142458411,14.164659031984863,10
35,k-NN,150,20.882101910185465,14.162379455960323,10
36,LDA,10,3.641025641025641,2.154795612192399,10
36,LDA,20,1.6923076923076923,1.1855412570529709,10
36,LDA,40,0.5641025641025641,1.6117401116339374,10
36,LDA,80,0.6153846153846155,1.2514875362545728,10
36,LDA,150,0.4615384615384617,0.509963551800899,10
36,k-NN,10,5.559097160225624,6.253902964589421,10
36,k-NN,20,4.466031509474133,8.617242838604902,10
36,k-NN,40,2.6197808366378914,5.044825498339575,10
36,k-NN,80,2.272530345862144,5.174268943489436,10
36,k-NN,150,2.129673203005001,5.219680468957742,10
37,LDA,10,5.794871794871794,3.965296164511753,10
37,LDA,20,2.8205128205128207,6.207035095851387,10
37,LDA,40,3.1794871794871797,6.17186346290317,10
37,LDA,80,1.5384615384615383,3.6342378846956067,10
37,LDA,150,1.4358974358974357,2.6679812670258696,10
37,k-NN,10,6.151857201639897,15.626011641426025,10
37,k-NN,20,5.689489971784683,15.73328884909438,10
37,k-NN,40,5.744888590742624,15.703788847638059,10
37,k-NN,80,5.689489971784683,15.73328884909438,10
37,k-NN,150,5.5931936754883855,15.75476315642916,10
38,LDA,10,9.846153846153847,4.953137096595415,10
38,LDA,20,3.076923076923077,3.3409949206311214,10
38,LDA,40,3.7435897435897436,4.6503895712708525,10
38,LDA,80,0.30769230769230765,0.5512654870631486,10
38,LDA,150,0.8205128205128205,1.746603729838605,10
38,k-NN,10,4.871732247157274,6.466016812096547,10
38,k-NN,20,1.6251307438384424,1.0466303108186619,10
38,k-NN,40,1.3957293769654568,0.9116523706854254,10
38,k-NN,80,1.306260352845426,1.0331404501851247,10
38,k-NN,150,1.3540382664088875,0.9830737603469059,10
39,LDA,10,3.5384615384615388,0.9502182639102423,10
39,LDA,20,1.2307692307692306,1.2837595456764843,10
39,LDA,40,0.3076923076923077,0.6486723405473598,10
39,LDA,80,0.4102564102564104,0.9609209793200135,10
39,LDA,150,0.15384615384615383,0.34612746549259116,10
39,k-NN,10,6.005697710414635,7.55951613685781,10
39,k-NN,20,2.661133980998591,5.04211586457324,10
39,k-NN,40,0.4379790940766548,0.5798647591784771,10
39,k-NN,80,1.7666666666666664,5.244750461881614,10
39,k-NN,150,1.7666666666666664,5.244750461881614,10
40,LDA,10,13.948717948717947,6.34922513381273,10
40,LDA,20,14.974358974358974,10.693807242131884,10
40,LDA,40,10.307692307692308,8.259966320249676,10
40,LDA,80,9.743589743589743,8.951129888263964,10
40,LDA,150,12.051282051282051,9.585613931725867,10
40,k-NN,10,15.068436056158408,12.809795695826065,10
40,k-NN,20,13.916223075030308,13.13850855093894,10
40,k-NN,40,14.164516743467027,13.007460788218978,10
40,k-NN,80,15.158740134238176,12.868384971565353,10
40,k-NN,150,16.455380326432753,12.222421963905926,10
