seed,subject,classifier,pca_components,eer_pct
1,1,k-NN,10,2.4390243902439033
1,1,LDA,10,1.5384615384615385
1,1,k-NN,20,2.4390243902439033
1,1,LDA,20,0.0
1,1,k-NN,40,2.272727272727273
1,1,LDA,40,1.5384615384615385
1,1,k-NN,80,2.3255813953488365
1,1,LDA,80,4.102564102564102
1,1,k-NN,150,2.3255813953488365
1,1,LDA,150,3.076923076923077
1,2,k-NN,10,0.9999999999999991
1,2,LDA,10,3.589743589743589
1,2,k-NN,20,0.5000000000000002
1,2,LDA,20,0.5128205128205132
1,2,k-NN,40,0.0
1,2,LDA,40,0.0
1,2,k-NN,80,0.0
1,2,LDA,80,0.0
1,2,k-NN,150,0.0
1,2,LDA,150,0.0
1,3,k-NN,10,4.417177914110428
1,3,LDA,10,13.333333333333334
1,3,k-NN,20,2.409638554216868
1,3,LDA,20,4.615384615384616
1,3,k-NN,40,0.0
1,3,LDA,40,0.0
1,3,k-NN,80,0.0
1,3,LDA,80,0.0
1,3,k-NN,150,0.0
1,3,LDA,150,0.0
1,4,k-NN,10,30.000000000000004
1,4,LDA,10,2.0512820512820515
1,4,k-NN,20,5.6692913385826795
1,4,LDA,20,2.564102564102564
1,4,k-NN,40,0.0
1,4,LDA,40,0.0
1,4,k-NN,80,0.0
1,4,LDA,80,0.0
1,4,k-NN,150,0.0
1,4,LDA,150,0.5128205128205132
1,5,k-NN,10,0.5095541401273884
1,5,LDA,10,5.128205128205128
1,5,k-NN,20,1.0126582278480982
1,5,LDA,20,7.179487179487179
1,5,k-NN,40,1.008403361344536
1,5,LDA,40,5.128205128205128
1,5,k-NN,80,1.4814814814814825
1,5,LDA,80,4.102564102564102
1,5,k-NN,150,1.4285714285714275
1,5,LDA,150,4.102564102564102
1,6,k-NN,10,0.0
1,6,LDA,10,0.0
1,6,k-NN,20,0.0
1,6,LDA,20,0.0
1,6,k-NN,40,0.0
1,6,LDA,40,0.0
1,6,k-NN,80,0.0
1,6,LDA,80,0.0
1,6,k-NN,150,0.0
1,6,LDA,150,0.0
1,7,k-NN,10,0.0
1,7,LDA,10,0.5128205128205132
1,7,k-NN,20,0.0
1,7,LDA,20,0.5128205128205132
1,7,k-NN,40,0.0
1,7,LDA,40,0.0
1,7,k-NN,80,0.0
1,7,LDA,80,0.0
1,7,k-NN,150,0.0
1,7,LDA,150,0.0
1,8,k-NN,10,0.0
1,8,LDA,10,0.0
1,8,k-NN,20,0.0
1,8,LDA,20,0.0
1,8,k-NN,40,0.0
1,8,LDA,40,0.0
1,8,k-NN,80,0.0
1,8,LDA,80,0.0
1,8,k-NN,150,0.0
1,8,LDA,150,0.0
1,9,k-NN,10,16.88311688311688
1,9,LDA,10,15.384615384615385
1,9,k-NN,20,0.5063291139240491
1,9,LDA,20,4.102564102564102
1,9,k-NN,40,0.5063291139240491
1,9,LDA,40,2.564102564102564
1,9,k-NN,80,0.5063291139240491
1,9,LDA,80,0.0
1,9,k-NN,150,0.5063291139240491
1,9,LDA,150,0.0
1,10,k-NN,10,0.0
1,10,LDA,10,0.0
1,10,k-NN,20,0.0
1,10,LDA,20,0.0
1,10,k-NN,40,0.0
1,10,LDA,40,0.0
1,10,k-NN,80,0.0
1,10,LDA,80,0.0
1,10,k-NN,150,0.0
1,10,LDA,150,0.0
1,11,k-NN,10,0.0
1,11,LDA,10,0.0
1,11,k-NN,20,0.0
1,11,LDA,20,0.0
1,11,k-NN,40,0.0
1,11,LDA,40,0.0
1,11,k-NN,80,0.0
1,11,LDA,80,0.0
1,11,k-NN,150,0.0
1,11,LDA,150,0.0
1,12,k-NN,10,0.0
1,12,LDA,10,0.0
1,12,k-NN,20,0.0
1,12,LDA,20,0.0
1,12,k-NN,40,0.0
1,12,LDA,40,0.0
1,12,k-NN,80,0.0
1,12,LDA,80,0.0
1,12,k-NN,150,0.0
1,12,LDA,150,0.0
1,13,k-NN,10,0.0
1,13,LDA,10,3.589743589743589
1,13,k-NN,20,0.0
1,13,LDA,20,1.5384615384615385
1,13,k-NN,40,0.0
1,13,LDA,40,0.0
1,13,k-NN,80,0.0
1,13,LDA,80,0.0
1,13,k-NN,150,0.0
1,13,LDA,150,0.5128205128205132
1,14,k-NN,10,0.0
1,14,LDA,10,0.0
1,14,k-NN,20,0.0
1,14,LDA,20,0.0
1,14,k-NN,40,0.0
1,14,LDA,40,0.0
1,14,k-NN,80,0.0
1,14,LDA,80,0.0
1,14,k-NN,150,0.0
1,14,LDA,150,0.0
1,15,k-NN,10,0.508474576271188
1,15,LDA,10,20.0
1,15,k-NN,20,0.508474576271188
1,15,LDA,20,1.5384615384615385
1,15,k-NN,40,0.508474576271188
1,15,LDA,40,0.0
1,15,k-NN,80,0.508474576271188
1,15,LDA,80,0.0
1,15,k-NN,150,1.0000000000000004
1,15,LDA,150,0.0
1,16,k-NN,10,1.9512195121951201
1,16,LDA,10,6.666666666666665
1,16,k-NN,20,0.9756097560975601
1,16,LDA,20,0.0
1,16,k-NN,40,1.4285714285714275
1,16,LDA,40,0.0
1,16,k-NN,80,0.9756097560975601
1,16,LDA,80,1.025641025641025
1,16,k-NN,150,1.0000000000000004
1,16,LDA,150,2.564102564102564
1,17,k-NN,10,0.9756097560975601
1,17,LDA,10,8.205128205128204
1,17,k-NN,20,0.9999999999999991
1,17,LDA,20,13.333333333333334
1,17,k-NN,40,0.5000000000000002
1,17,LDA,40,0.0
1,17,k-NN,80,0.5000000000000002
1,17,LDA,80,0.0
1,17,k-NN,150,0.9756097560975601
1,17,LDA,150,0.0
1,18,k-NN,10,0.0
1,18,LDA,10,0.0
1,18,k-NN,20,0.508474576271188
1,18,LDA,20,0.0
1,18,k-NN,40,0.0
1,18,LDA,40,0.0
1,18,k-NN,80,0.0
1,18,LDA,80,0.0
1,18,k-NN,150,0.0
1,18,LDA,150,0.0
1,19,k-NN,10,16.7381974248927
1,19,LDA,10,19.48717948717949
1,19,k-NN,20,16.666666666666664
1,19,LDA,20,20.0
1,19,k-NN,40,0.5000000000000002
1,19,LDA,40,20.0
1,19,k-NN,80,1.8604651162790697
1,19,LDA,80,20.0
1,19,k-NN,150,1.4285714285714275
1,19,LDA,150,20.0
1,20,k-NN,10,16.666666666666664
1,20,LDA,10,1.025641025641025
1,20,k-NN,20,0.0
1,20,LDA,20,0.5128205128205132
1,20,k-NN,40,0.0
1,20,LDA,40,0.0
1,20,k-NN,80,0.0
1,20,LDA,80,0.0
1,20,k-NN,150,0.0
1,20,LDA,150,0.0
1,21,k-NN,10,0.0
1,21,LDA,10,2.0512820512820515
1,21,k-NN,20,0.0
1,21,LDA,20,0.0
1,21,k-NN,40,0.0
1,21,LDA,40,0.0
1,21,k-NN,80,0.0
1,21,LDA,80,0.0
1,21,k-NN,150,0.0
1,21,LDA,150,0.0
1,22,k-NN,10,0.9756097560975601
1,22,LDA,10,2.564102564102564
1,22,k-NN,20,0.0
1,22,LDA,20,0.5128205128205132
1,22,k-NN,40,0.0
1,22,LDA,40,0.5128205128205132
1,22,k-NN,80,0.0
1,22,LDA,80,0.5128205128205132
1,22,k-NN,150,0.0
1,22,LDA,150,1.025641025641025
1,23,k-NN,10,28.57142857142857
1,23,LDA,10,5.128205128205128
1,23,k-NN,20,16.810344827586203
1,23,LDA,20,3.076923076923077
1,23,k-NN,40,16.7381974248927
1,23,LDA,40,0.5128205128205132
1,23,k-NN,80,16.7381974248927
1,23,LDA,80,0.5128205128205132
1,23,k-NN,150,16.95652173913043
1,23,LDA,150,3.076923076923077
1,24,k-NN,10,0.508474576271188
1,24,LDA,10,0.5128205128205132
1,24,k-NN,20,0.0
1,24,LDA,20,0.0
1,24,k-NN,40,0.0
1,24,LDA,40,0.0
1,24,k-NN,80,0.0
1,24,LDA,80,0.0
1,24,k-NN,150,0.9999999999999991
1,24,LDA,150,0.0
1,25,k-NN,10,3.4146341463414625
1,25,LDA,10,6.153846153846154
1,25,k-NN,20,2.926829268292683
1,25,LDA,20,0.0
1,25,k-NN,40,2.8571428571428577
1,25,LDA,40,0.0
1,25,k-NN,80,3.255813953488371
1,25,LDA,80,0.0
1,25,k-NN,150,4.705882352941174
1,25,LDA,150,0.0
1,26,k-NN,10,0.0
1,26,LDA,10,0.5128205128205132
1,26,k-NN,20,0.0
1,26,LDA,20,0.5128205128205132
1,26,k-NN,40,0.0
1,26,LDA,40,0.0
1,26,k-NN,80,0.0
1,26,LDA,80,0.0
1,26,k-NN,150,0.0
1,26,LDA,150,0.0
1,27,k-NN,10,0.0
1,27,LDA,10,0.0
1,27,k-NN,20,0.0
1,27,LDA,20,1.5384615384615385
1,27,k-NN,40,0.0
1,27,LDA,40,0.0
1,27,k-NN,80,0.0
1,27,LDA,80,0.0
1,27,k-NN,150,0.0
1,27,LDA,150,0.0
1,28,k-NN,10,16.7381974248927
1,28,LDA,10,12.307692307692308
1,28,k-NN,20,16.810344827586203
1,28,LDA,20,2.564102564102564
1,28,k-NN,40,16.810344827586203
1,28,LDA,40,9.743589743589745
1,28,k-NN,80,16.88311688311688
1,28,LDA,80,1.5384615384615385
1,28,k-NN,150,16.88311688311688
1,28,LDA,150,9.230769230769232
1,29,k-NN,10,2.000000000000001
1,29,LDA,10,5.128205128205128
1,29,k-NN,20,1.0000000000000004
1,29,LDA,20,0.0
1,29,k-NN,40,0.5000000000000002
1,29,LDA,40,0.0
1,29,k-NN,80,0.0
1,29,LDA,80,0.0
1,29,k-NN,150,0.0
1,29,LDA,150,0.0
1,30,k-NN,10,1.8604651162790697
1,30,LDA,10,6.666666666666665
1,30,k-NN,20,0.0
1,30,LDA,20,2.564102564102564
1,30,k-NN,40,0.0
1,30,LDA,40,4.615384615384616
1,30,k-NN,80,0.0
1,30,LDA,80,0.5128205128205132
1,30,k-NN,150,0.0
1,30,LDA,150,0.0
1,31,k-NN,10,0.0
1,31,LDA,10,4.102564102564102
1,31,k-NN,20,0.0
1,31,LDA,20,2.564102564102564
1,31,k-NN,40,0.0
1,31,LDA,40,1.025641025641025
1,31,k-NN,80,0.0
1,31,LDA,80,0.0
1,31,k-NN,150,0.0
1,31,LDA,150,0.0
1,32,k-NN,10,0.5102040816326506
1,32,LDA,10,0.0
1,32,k-NN,20,0.0
1,32,LDA,20,0.0
1,32,k-NN,40,0.0
1,32,LDA,40,0.0
1,32,k-NN,80,0.0
1,32,LDA,80,0.0
1,32,k-NN,150,0.0
1,32,LDA,150,0.0
1,33,k-NN,10,0.0
1,33,LDA,10,5.6410256410256405
1,33,k-NN,20,0.0
1,33,LDA,20,8.717948717948717
1,33,k-NN,40,0.0
1,33,LDA,40,3.589743589743589
1,33,k-NN,80,0.0
1,33,LDA,80,1.5384615384615385
1,33,k-NN,150,0.0
1,33,LDA,150,2.0512820512820515
1,34,k-NN,10,0.0
1,34,LDA,10,1.025641025641025
1,34,k-NN,20,0.0
1,34,LDA,20,0.0
1,34,k-NN,40,0.0
1,34,LDA,40,0.0
1,34,k-NN,80,0.0
1,34,LDA,80,0.0
1,34,k-NN,150,0.0
1,34,LDA,150,0.0
1,35,k-NN,10,37.74193548387097
1,35,LDA,10,30.256410256410255
1,35,k-NN,20,37.62057877813505
1,35,LDA,20,30.256410256410255
1,35,k-NN,40,37.5
1,35,LDA,40,11.794871794871794
1,35,k-NN,80,37.5
1,35,LDA,80,1.5384615384615385
1,35,k-NN,150,37.5
1,35,LDA,150,0.0
1,36,k-NN,10,1.9834710743801685
1,36,LDA,10,3.589743589743589
1,36,k-NN,20,1.4814814814814825
1,36,LDA,20,2.0512820512820515
1,36,k-NN,40,0.5063291139240491
1,36,LDA,40,0.0
1,36,k-NN,80,0.0
1,36,LDA,80,0.0
1,36,k-NN,150,0.0
1,36,LDA,150,0.0
1,37,k-NN,10,2.0125786163522013
1,37,LDA,10,11.794871794871794
1,37,k-NN,20,1.5189873417721451
1,37,LDA,20,4.615384615384616
1,37,k-NN,40,1.5189873417721451
1,37,LDA,40,5.6410256410256405
1,37,k-NN,80,1.5189873417721451
1,37,LDA,80,1.025641025641025
1,37,k-NN,150,1.5189873417721451
1,37,LDA,150,1.025641025641025
1,38,k-NN,10,2.033898305084746
1,38,LDA,10,14.358974358974358
1,38,k-NN,20,0.9756097560975601
1,38,LDA,20,1.5384615384615385
1,38,k-NN,40,1.0000000000000004
1,38,LDA,40,1.025641025641025
1,38,k-NN,80,0.5095541401273884
1,38,LDA,80,0.0
1,38,k-NN,150,0.0
1,38,LDA,150,0.0
1,39,k-NN,10,1.5000000000000009
1,39,LDA,10,2.0512820512820515
1,39,k-NN,20,1.4285714285714275
1,39,LDA,20,0.0
1,39,k-NN,40,0.9756097560975601
1,39,LDA,40,0.0
1,39,k-NN,80,0.0
1,39,LDA,80,0.0
1,39,k-NN,150,0.0
1,39,LDA,150,0.0
1,40,k-NN,10,1.5126050420168098
1,40,LDA,10,8.717948717948717
1,40,k-NN,20,3.181818181818182
1,40,LDA,20,3.076923076923077
1,40,k-NN,40,3.111111111111111
1,40,LDA,40,4.615384615384616
1,40,k-NN,80,3.181818181818182
1,40,LDA,80,2.564102564102564
1,40,k-NN,150,3.478260869565217
1,40,LDA,150,8.717948717948717
2,1,k-NN,10,1.0000000000000004
2,1,LDA,10,0.5128205128205132
2,1,k-NN,20,1.4285714285714275
2,1,LDA,20,0.5128205128205132
2,1,k-NN,40,1.4285714285714275
2,1,LDA,40,2.0512820512820515
2,1,k-NN,80,0.9756097560975601
2,1,LDA,80,3.589743589743589
2,1,k-NN,150,0.5000000000000002
2,1,LDA,150,20.0
2,2,k-NN,10,0.0
2,2,LDA,10,0.0
2,2,k-NN,20,0.0
2,2,LDA,20,0.0
2,2,k-NN,40,0.0
2,2,LDA,40,0.0
2,2,k-NN,80,0.0
2,2,LDA,80,0.0
2,2,k-NN,150,0.0
2,2,LDA,150,0.0
2,3,k-NN,10,3.478260869565217
2,3,LDA,10,7.6923076923076925
2,3,k-NN,20,2.272727272727273
2,3,LDA,20,0.0
2,3,k-NN,40,0.0
2,3,LDA,40,0.0
2,3,k-NN,80,0.0
2,3,LDA,80,0.0
2,3,k-NN,150,0.0
2,3,LDA,150,0.0
2,4,k-NN,10,17.030567685589514
2,4,LDA,10,1.025641025641025
2,4,k-NN,20,17.030567685589514
2,4,LDA,20,0.5128205128205132
2,4,k-NN,40,1.4285714285714275
2,4,LDA,40,0.0
2,4,k-NN,80,1.4285714285714275
2,4,LDA,80,0.0
2,4,k-NN,150,1.0000000000000004
2,4,LDA,150,0.0
2,5,k-NN,10,2.7272727272727266
2,5,LDA,10,5.6410256410256405
2,5,k-NN,20,3.5555555555555562
2,5,LDA,20,2.0512820512820515
2,5,k-NN,40,17.105263157894733
2,5,LDA,40,4.615384615384616
2,5,k-NN,80,17.180616740088105
2,5,LDA,80,3.076923076923077
2,5,k-NN,150,4.680851063829786
2,5,LDA,150,2.564102564102564
2,6,k-NN,10,0.0
2,6,LDA,10,0.0
2,6,k-NN,20,0.0
2,6,LDA,20,0.0
2,6,k-NN,40,0.0
2,6,LDA,40,0.0
2,6,k-NN,80,0.0
2,6,LDA,80,0.0
2,6,k-NN,150,0.0
2,6,LDA,150,0.0
2,7,k-NN,10,0.5063291139240491
2,7,LDA,10,0.0
2,7,k-NN,20,1.0000000000000004
2,7,LDA,20,0.0
2,7,k-NN,40,0.0
2,7,LDA,40,0.0
2,7,k-NN,80,0.0
2,7,LDA,80,0.0
2,7,k-NN,150,0.0
2,7,LDA,150,0.0
2,8,k-NN,10,0.0
2,8,LDA,10,0.5128205128205132
2,8,k-NN,20,0.0
2,8,LDA,20,0.0
2,8,k-NN,40,0.0
2,8,LDA,40,0.0
2,8,k-NN,80,0.0
2,8,LDA,80,0.0
2,8,k-NN,150,0.0
2,8,LDA,150,0.0
2,9,k-NN,10,3.4042553191489358
2,9,LDA,10,0.0
2,9,k-NN,20,0.0
2,9,LDA,20,0.0
2,9,k-NN,40,0.0
2,9,LDA,40,0.0
2,9,k-NN,80,0.0
2,9,LDA,80,0.0
2,9,k-NN,150,1.4285714285714275
2,9,LDA,150,0.0
2,10,k-NN,10,16.666666666666664
2,10,LDA,10,2.0512820512820515
2,10,k-NN,20,16.666666666666664
2,10,LDA,20,0.0
2,10,k-NN,40,16.666666666666664
2,10,LDA,40,0.0
2,10,k-NN,80,16.666666666666664
2,10,LDA,80,0.0
2,10,k-NN,150,16.666666666666664
2,10,LDA,150,0.0
2,11,k-NN,10,0.0
2,11,LDA,10,0.5128205128205132
2,11,k-NN,20,0.0
2,11,LDA,20,0.0
2,11,k-NN,40,0.0
2,11,LDA,40,0.0
2,11,k-NN,80,0.0
2,11,LDA,80,0.0
2,11,k-NN,150,0.0
2,11,LDA,150,0.0
2,12,k-NN,10,0.0
2,12,LDA,10,0.0
2,12,k-NN,20,0.0
2,12,LDA,20,0.0
2,12,k-NN,40,0.0
2,12,LDA,40,0.0
2,12,k-NN,80,0.0
2,12,LDA,80,0.0
2,12,k-NN,150,0.0
2,12,LDA,150,0.0
2,13,k-NN,10,0.0
2,13,LDA,10,1.025641025641025
2,13,k-NN,20,0.0
2,13,LDA,20,0.5128205128205132
2,13,k-NN,40,0.0
2,13,LDA,40,0.0
2,13,k-NN,80,0.0
2,13,LDA,80,2.564102564102564
2,13,k-NN,150,0.0
2,13,LDA,150,3.589743589743589
2,14,k-NN,10,0.0
2,14,LDA,10,0.0
2,14,k-NN,20,0.0
2,14,LDA,20,0.0
2,14,k-NN,40,0.0
2,14,LDA,40,0.0
2,14,k-NN,80,0.0
2,14,LDA,80,0.0
2,14,k-NN,150,0.0
2,14,LDA,150,0.0
2,15,k-NN,10,2.0168067226890773
2,15,LDA,10,28.717948717948715
2,15,k-NN,20,1.5126050420168098
2,15,LDA,20,3.076923076923077
2,15,k-NN,40,1.5000000000000062
2,15,LDA,40,0.0
2,15,k-NN,80,1.9834710743801685
2,15,LDA,80,0.0
2,15,k-NN,150,1.5000000000000062
2,15,LDA,150,0.0
2,16,k-NN,10,1.975308641975309
2,16,LDA,10,3.076923076923077
2,16,k-NN,20,0.5000000000000002
2,16,LDA,20,0.0
2,16,k-NN,40,0.0
2,16,LDA,40,0.0
2,16,k-NN,80,0.0
2,16,LDA,80,0.0
2,16,k-NN,150,0.0
2,16,LDA,150,0.0
2,17,k-NN,10,28.782287822878228
2,17,LDA,10,9.230769230769232
2,17,k-NN,20,29.1044776119403
2,17,LDA,20,4.615384615384616
2,17,k-NN,40,28.996282527881046
2,17,LDA,40,3.076923076923077
2,17,k-NN,80,29.21348314606742
2,17,LDA,80,0.0
2,17,k-NN,150,29.21348314606742
2,17,LDA,150,0.0
2,18,k-NN,10,0.0
2,18,LDA,10,3.076923076923077
2,18,k-NN,20,0.5102040816326506
2,18,LDA,20,0.5128205128205132
2,18,k-NN,40,0.0
2,18,LDA,40,0.0
2,18,k-NN,80,0.0
2,18,LDA,80,0.0
2,18,k-NN,150,0.0
2,18,LDA,150,0.0
2,19,k-NN,10,16.88311688311688
2,19,LDA,10,14.358974358974358
2,19,k-NN,20,16.95652173913043
2,19,LDA,20,20.0
2,19,k-NN,40,16.88311688311688
2,19,LDA,40,20.0
2,19,k-NN,80,2.272727272727273
2,19,LDA,80,20.0
2,19,k-NN,150,2.666666666666667
2,19,LDA,150,17.94871794871795
2,20,k-NN,10,0.9756097560975601
2,20,LDA,10,0.0
2,20,k-NN,20,0.0
2,20,LDA,20,0.0
2,20,k-NN,40,0.0
2,20,LDA,40,0.0
2,20,k-NN,80,0.0
2,20,LDA,80,0.0
2,20,k-NN,150,0.0
2,20,LDA,150,0.0
2,21,k-NN,10,0.5000000000000002
2,21,LDA,10,2.0512820512820515
2,21,k-NN,20,0.0
2,21,LDA,20,0.0
2,21,k-NN,40,0.0
2,21,LDA,40,0.0
2,21,k-NN,80,0.0
2,21,LDA,80,0.0
2,21,k-NN,150,0.0
2,21,LDA,150,0.0
2,22,k-NN,10,0.0
2,22,LDA,10,2.0512820512820515
2,22,k-NN,20,0.0
2,22,LDA,20,0.5128205128205132
2,22,k-NN,40,0.0
2,22,LDA,40,2.564102564102564
2,22,k-NN,80,0.0
2,22,LDA,80,0.5128205128205132
2,22,k-NN,150,0.0
2,22,LDA,150,7.6923076923076925
2,23,k-NN,10,2.3255813953488365
2,23,LDA,10,11.794871794871794
2,23,k-NN,20,2.3255813953488365
2,23,LDA,20,5.6410256410256405
2,23,k-NN,40,2.7272727272727266
2,23,LDA,40,0.0
2,23,k-NN,80,0.5063291139240491
2,23,LDA,80,0.0
2,23,k-NN,150,1.0000000000000004
2,23,LDA,150,0.0
2,24,k-NN,10,0.9999999999999991
2,24,LDA,10,0.0
2,24,k-NN,20,0.0
2,24,LDA,20,0.5128205128205132
2,24,k-NN,40,0.0
2,24,LDA,40,0.0
2,24,k-NN,80,0.0
2,24,LDA,80,0.0
2,24,k-NN,150,0.0
2,24,LDA,150,0.0
2,25,k-NN,10,1.5000000000000062
2,25,LDA,10,0.0
2,25,k-NN,20,1.0000000000000004
2,25,LDA,20,0.0
2,25,k-NN,40,0.0
2,25,LDA,40,0.0
2,25,k-NN,80,0.0
2,25,LDA,80,0.0
2,25,k-NN,150,1.8604651162790697
2,25,LDA,150,0.0
2,26,k-NN,10,0.5102040816326506
2,26,LDA,10,3.589743589743589
2,26,k-NN,20,0.5000000000000002
2,26,LDA,20,4.615384615384616
2,26,k-NN,40,0.5000000000000002
2,26,LDA,40,14.358974358974358
2,26,k-NN,80,0.0
2,26,LDA,80,5.6410256410256405
2,26,k-NN,150,0.0
2,26,LDA,150,3.076923076923077
2,27,k-NN,10,0.0
2,27,LDA,10,0.0
2,27,k-NN,20,0.0
2,27,LDA,20,0.0
2,27,k-NN,40,0.0
2,27,LDA,40,0.0
2,27,k-NN,80,0.0
2,27,LDA,80,0.0
2,27,k-NN,150,0.0
2,27,LDA,150,0.0
2,28,k-NN,10,0.0
2,28,LDA,10,11.794871794871794
2,28,k-NN,20,0.0
2,28,LDA,20,6.666666666666665
2,28,k-NN,40,0.0
2,28,LDA,40,2.0512820512820515
2,28,k-NN,80,0.0
2,28,LDA,80,4.102564102564102
2,28,k-NN,150,1.0152284263959352
2,28,LDA,150,18.461538461538463
2,29,k-NN,10,2.000000000000001
2,29,LDA,10,4.615384615384616
2,29,k-NN,20,0.0
2,29,LDA,20,0.0
2,29,k-NN,40,0.5000000000000002
2,29,LDA,40,0.0
2,29,k-NN,80,1.008403361344536
2,29,LDA,80,0.0
2,29,k-NN,150,1.008403361344536
2,29,LDA,150,0.0
2,30,k-NN,10,0.0
2,30,LDA,10,5.6410256410256405
2,30,k-NN,20,0.0
2,30,LDA,20,1.5384615384615385
2,30,k-NN,40,0.0
2,30,LDA,40,2.0512820512820515
2,30,k-NN,80,0.0
2,30,LDA,80,0.5128205128205132
2,30,k-NN,150,0.0
2,30,LDA,150,0.0
2,31,k-NN,10,0.0
2,31,LDA,10,1.025641025641025
2,31,k-NN,20,0.0
2,31,LDA,20,0.0
2,31,k-NN,40,0.0
2,31,LDA,40,0.0
2,31,k-NN,80,0.0
2,31,LDA,80,0.0
2,31,k-NN,150,0.0
2,31,LDA,150,0.0
2,32,k-NN,10,0.0
2,32,LDA,10,0.5128205128205132
2,32,k-NN,20,16.666666666666664
2,32,LDA,20,0.5128205128205132
2,32,k-NN,40,0.0
2,32,LDA,40,0.0
2,32,k-NN,80,0.0
2,32,LDA,80,0.0
2,32,k-NN,150,0.0
2,32,LDA,150,0.5128205128205132
2,33,k-NN,10,1.4285714285714275
2,33,LDA,10,0.0
2,33,k-NN,20,0.0
2,33,LDA,20,0.0
2,33,k-NN,40,0.0
2,33,LDA,40,0.0
2,33,k-NN,80,0.0
2,33,LDA,80,0.0
2,33,k-NN,150,0.0
2,33,LDA,150,0.0
2,34,k-NN,10,0.0
2,34,LDA,10,1.5384615384615385
2,34,k-NN,20,0.0
2,34,LDA,20,0.0
2,34,k-NN,40,0.0
2,34,LDA,40,0.0
2,34,k-NN,80,0.0
2,34,LDA,80,0.0
2,34,k-NN,150,0.0
2,34,LDA,150,0.0
2,35,k-NN,10,17.105263157894733
2,35,LDA,10,23.076923076923077
2,35,k-NN,20,16.7381974248927
2,35,LDA,20,12.307692307692308
2,35,k-NN,40,0.508474576271188
2,35,LDA,40,0.0
2,35,k-NN,80,0.0
2,35,LDA,80,0.0
2,35,k-NN,150,0.0
2,35,LDA,150,0.0
2,36,k-NN,10,0.0
2,36,LDA,10,7.6923076923076925
2,36,k-NN,20,0.0
2,36,LDA,20,2.564102564102564
2,36,k-NN,40,0.0
2,36,LDA,40,0.0
2,36,k-NN,80,0.0
2,36,LDA,80,0.0
2,36,k-NN,150,0.0
2,36,LDA,150,0.0
2,37,k-NN,10,3.0188679245283017
2,37,LDA,10,2.564102564102564
2,37,k-NN,20,2.962962962962965
2,37,LDA,20,2.0512820512820515
2,37,k-NN,40,2.500000000000001
2,37,LDA,40,3.076923076923077
2,37,k-NN,80,2.962962962962965
2,37,LDA,80,1.025641025641025
2,37,k-NN,150,2.000000000000001
2,37,LDA,150,0.0
2,38,k-NN,10,2.3255813953488365
2,38,LDA,10,11.282051282051283
2,38,k-NN,20,2.3255813953488365
2,38,LDA,20,2.0512820512820515
2,38,k-NN,40,2.3255813953488365
2,38,LDA,40,2.0512820512820515
2,38,k-NN,80,1.4634146341463423
2,38,LDA,80,0.0
2,38,k-NN,150,1.8604651162790697
2,38,LDA,150,1.025641025641025
2,39,k-NN,10,1.9047619047619055
2,39,LDA,10,4.615384615384616
2,39,k-NN,20,0.9756097560975601
2,39,LDA,20,0.5128205128205132
2,39,k-NN,40,0.0
2,39,LDA,40,0.0
2,39,k-NN,80,0.0
2,39,LDA,80,0.0
2,39,k-NN,150,0.0
2,39,LDA,150,0.0
2,40,k-NN,10,29.1044776119403
2,40,LDA,10,21.025641025641026
2,40,k-NN,20,29.1044776119403
2,40,LDA,20,39.48717948717949
2,40,k-NN,40,29.1044776119403
2,40,LDA,40,22.564102564102566
2,40,k-NN,80,29.21348314606742
2,40,LDA,80,20.0
2,40,k-NN,150,29.21348314606742
2,40,LDA,150,28.717948717948715
3,1,k-NN,10,16.7381974248927
3,1,LDA,10,0.0
3,1,k-NN,20,16.7381974248927
3,1,LDA,20,0.0
3,1,k-NN,40,0.5063291139240491
3,1,LDA,40,0.0
3,1,k-NN,80,0.5000000000000002
3,1,LDA,80,0.0
3,1,k-NN,150,16.7381974248927
3,1,LDA,150,0.5128205128205132
3,2,k-NN,10,0.0
3,2,LDA,10,0.5128205128205132
3,2,k-NN,20,0.0
3,2,LDA,20,0.0
3,2,k-NN,40,0.0
3,2,LDA,40,0.0
3,2,k-NN,80,0.0
3,2,LDA,80,0.0
3,2,k-NN,150,0.0
3,2,LDA,150,0.0
3,3,k-NN,10,7.017543859649122
3,3,LDA,10,15.384615384615385
3,3,k-NN,20,5.581395348837212
3,3,LDA,20,1.025641025641025
3,3,k-NN,40,4.285714285714284
3,3,LDA,40,0.0
3,3,k-NN,80,4.545454545454546
3,3,LDA,80,0.0
3,3,k-NN,150,3.0434782608695645
3,3,LDA,150,0.0
3,4,k-NN,10,4.8387096774193585
3,4,LDA,10,9.230769230769232
3,4,k-NN,20,17.410714285714285
3,4,LDA,20,5.128205128205128
3,4,k-NN,40,17.410714285714285
3,4,LDA,40,0.0
3,4,k-NN,80,3.829787234042553
3,4,LDA,80,0.0
3,4,k-NN,150,3.5555555555555562
3,4,LDA,150,0.0
3,5,k-NN,10,2.975206611570248
3,5,LDA,10,2.564102564102564
3,5,k-NN,20,1.008403361344536
3,5,LDA,20,1.5384615384615385
3,5,k-NN,40,1.008403361344536
3,5,LDA,40,1.025641025641025
3,5,k-NN,80,1.008403361344536
3,5,LDA,80,1.025641025641025
3,5,k-NN,150,1.008403361344536
3,5,LDA,150,0.5128205128205132
3,6,k-NN,10,0.0
3,6,LDA,10,0.0
3,6,k-NN,20,0.0
3,6,LDA,20,0.0
3,6,k-NN,40,0.0
3,6,LDA,40,0.0
3,6,k-NN,80,0.0
3,6,LDA,80,0.0
3,6,k-NN,150,0.0
3,6,LDA,150,0.0
3,7,k-NN,10,0.0
3,7,LDA,10,1.025641025641025
3,7,k-NN,20,0.5000000000000002
3,7,LDA,20,1.5384615384615385
3,7,k-NN,40,0.0
3,7,LDA,40,0.0
3,7,k-NN,80,0.0
3,7,LDA,80,0.0
3,7,k-NN,150,0.5000000000000002
3,7,LDA,150,0.0
3,8,k-NN,10,0.0
3,8,LDA,10,0.0
3,8,k-NN,20,0.0
3,8,LDA,20,0.0
3,8,k-NN,40,0.0
3,8,LDA,40,0.0
3,8,k-NN,80,0.0
3,8,LDA,80,0.0
3,8,k-NN,150,0.0
3,8,LDA,150,0.0
3,9,k-NN,10,3.3333333333333326
3,9,LDA,10,8.205128205128204
3,9,k-NN,20,1.5000000000000009
3,9,LDA,20,4.102564102564102
3,9,k-NN,40,1.4814814814814825
3,9,LDA,40,0.0
3,9,k-NN,80,1.8604651162790697
3,9,LDA,80,0.0
3,9,k-NN,150,2.666666666666667
3,9,LDA,150,0.0
3,10,k-NN,10,0.0
3,10,LDA,10,0.0
3,10,k-NN,20,0.0
3,10,LDA,20,0.0
3,10,k-NN,40,0.0
3,10,LDA,40,0.0
3,10,k-NN,80,0.0
3,10,LDA,80,0.0
3,10,k-NN,150,0.0
3,10,LDA,150,0.0
3,11,k-NN,10,0.0
3,11,LDA,10,2.0512820512820515
3,11,k-NN,20,0.0
3,11,LDA,20,0.0
3,11,k-NN,40,0.5000000000000002
3,11,LDA,40,0.0
3,11,k-NN,80,0.0
3,11,LDA,80,0.0
3,11,k-NN,150,0.0
3,11,LDA,150,0.0
3,12,k-NN,10,0.0
3,12,LDA,10,0.0
3,12,k-NN,20,0.0
3,12,LDA,20,0.0
3,12,k-NN,40,0.0
3,12,LDA,40,0.0
3,12,k-NN,80,0.0
3,12,LDA,80,0.0
3,12,k-NN,150,0.0
3,12,LDA,150,0.0
3,13,k-NN,10,0.0
3,13,LDA,10,3.589743589743589
3,13,k-NN,20,0.0
3,13,LDA,20,2.0512820512820515
3,13,k-NN,40,0.0
3,13,LDA,40,0.0
3,13,k-NN,80,0.0
3,13,LDA,80,0.0
3,13,k-NN,150,0.0
3,13,LDA,150,0.0
3,14,k-NN,10,0.0
3,14,LDA,10,0.0
3,14,k-NN,20,0.0
3,14,LDA,20,0.0
3,14,k-NN,40,0.0
3,14,LDA,40,0.0
3,14,k-NN,80,0.0
3,14,LDA,80,0.0
3,14,k-NN,150,0.0
3,14,LDA,150,0.5128205128205132
3,15,k-NN,10,2.000000000000001
3,15,LDA,10,24.615384615384617
3,15,k-NN,20,2.000000000000001
3,15,LDA,20,4.615384615384616
3,15,k-NN,40,1.5000000000000062
3,15,LDA,40,0.0
3,15,k-NN,80,1.5000000000000062
3,15,LDA,80,0.0
3,15,k-NN,150,2.409638554216868
3,15,LDA,150,0.0
3,16,k-NN,10,3.3734939759036138
3,16,LDA,10,1.025641025641025
3,16,k-NN,20,0.5128205128205119
3,16,LDA,20,4.102564102564102
3,16,k-NN,40,0.5128205128205119
3,16,LDA,40,2.0512820512820515
3,16,k-NN,80,0.5128205128205119
3,16,LDA,80,7.179487179487179
3,16,k-NN,150,0.5095541401273884
3,16,LDA,150,4.615384615384616
3,17,k-NN,10,0.9756097560975601
3,17,LDA,10,2.564102564102564
3,17,k-NN,20,0.9756097560975601
3,17,LDA,20,1.025641025641025
3,17,k-NN,40,0.9756097560975601
3,17,LDA,40,0.0
3,17,k-NN,80,0.5000000000000002
3,17,LDA,80,0.0
3,17,k-NN,150,0.0
3,17,LDA,150,0.0
3,18,k-NN,10,3.5555555555555562
3,18,LDA,10,0.5128205128205132
3,18,k-NN,20,4.347826086956521
3,18,LDA,20,0.0
3,18,k-NN,40,1.5189873417721504
3,18,LDA,40,0.0
3,18,k-NN,80,1.0126582278481011
3,18,LDA,80,0.0
3,18,k-NN,150,0.5000000000000002
3,18,LDA,150,0.0
3,19,k-NN,10,16.7381974248927
3,19,LDA,10,18.974358974358974
3,19,k-NN,20,16.666666666666664
3,19,LDA,20,20.0
3,19,k-NN,40,16.7381974248927
3,19,LDA,40,20.0
3,19,k-NN,80,2.272727272727273
3,19,LDA,80,20.0
3,19,k-NN,150,2.272727272727273
3,19,LDA,150,20.0
3,20,k-NN,10,0.0
3,20,LDA,10,1.025641025641025
3,20,k-NN,20,0.0
3,20,LDA,20,0.5128205128205132
3,20,k-NN,40,0.0
3,20,LDA,40,0.5128205128205132
3,20,k-NN,80,0.0
3,20,LDA,80,0.0
3,20,k-NN,150,0.0
3,20,LDA,150,0.0
3,21,k-NN,10,0.0
3,21,LDA,10,2.0512820512820515
3,21,k-NN,20,0.0
3,21,LDA,20,1.025641025641025
3,21,k-NN,40,0.0
3,21,LDA,40,0.0
3,21,k-NN,80,0.0
3,21,LDA,80,0.0
3,21,k-NN,150,0.0
3,21,LDA,150,0.0
3,22,k-NN,10,0.0
3,22,LDA,10,3.589743589743589
3,22,k-NN,20,0.0
3,22,LDA,20,1.025641025641025
3,22,k-NN,40,0.0
3,22,LDA,40,0.0
3,22,k-NN,80,0.0
3,22,LDA,80,1.025641025641025
3,22,k-NN,150,0.0
3,22,LDA,150,1.025641025641025
3,23,k-NN,10,1.5000000000000062
3,23,LDA,10,5.6410256410256405
3,23,k-NN,20,1.0000000000000004
3,23,LDA,20,3.076923076923077
3,23,k-NN,40,0.9756097560975601
3,23,LDA,40,0.0
3,23,k-NN,80,0.9756097560975601
3,23,LDA,80,0.0
3,23,k-NN,150,2.272727272727273
3,23,LDA,150,0.0
3,24,k-NN,10,1.008403361344536
3,24,LDA,10,0.0
3,24,k-NN,20,0.0
3,24,LDA,20,0.0
3,24,k-NN,40,0.0
3,24,LDA,40,0.0
3,24,k-NN,80,0.0
3,24,LDA,80,0.0
3,24,k-NN,150,0.0
3,24,LDA,150,0.5128205128205132
3,25,k-NN,10,2.531645569620254
3,25,LDA,10,5.6410256410256405
3,25,k-NN,20,3.456790123456789
3,25,LDA,20,3.076923076923077
3,25,k-NN,40,3.4146341463414625
3,25,LDA,40,0.0
3,25,k-NN,80,3.7209302325581395
3,25,LDA,80,0.0
3,25,k-NN,150,3.7209302325581395
3,25,LDA,150,0.0
3,26,k-NN,10,0.0
3,26,LDA,10,7.6923076923076925
3,26,k-NN,20,0.5000000000000002
3,26,LDA,20,7.179487179487179
3,26,k-NN,40,0.0
3,26,LDA,40,5.6410256410256405
3,26,k-NN,80,0.0
3,26,LDA,80,8.205128205128204
3,26,k-NN,150,0.0
3,26,LDA,150,6.666666666666665
3,27,k-NN,10,0.9756097560975601
3,27,LDA,10,1.025641025641025
3,27,k-NN,20,0.0
3,27,LDA,20,1.5384615384615385
3,27,k-NN,40,0.0
3,27,LDA,40,0.0
3,27,k-NN,80,0.0
3,27,LDA,80,0.0
3,27,k-NN,150,0.0
3,27,LDA,150,0.0
3,28,k-NN,10,16.666666666666664
3,28,LDA,10,12.82051282051282
3,28,k-NN,20,16.810344827586203
3,28,LDA,20,1.5384615384615385
3,28,k-NN,40,16.7381974248927
3,28,LDA,40,3.076923076923077
3,28,k-NN,80,16.88311688311688
3,28,LDA,80,9.230769230769232
3,28,k-NN,150,16.95652173913043
3,28,LDA,150,2.0512820512820515
3,29,k-NN,10,2.7906976744186047
3,29,LDA,10,5.6410256410256405
3,29,k-NN,20,1.0000000000000004
3,29,LDA,20,0.0
3,29,k-NN,40,0.5000000000000002
3,29,LDA,40,0.0
3,29,k-NN,80,0.0
3,29,LDA,80,0.0
3,29,k-NN,150,0.0
3,29,LDA,150,0.0
3,30,k-NN,10,0.0
3,30,LDA,10,2.564102564102564
3,30,k-NN,20,0.0
3,30,LDA,20,2.564102564102564
3,30,k-NN,40,0.0
3,30,LDA,40,9.743589743589745
3,30,k-NN,80,0.0
3,30,LDA,80,0.5128205128205132
3,30,k-NN,150,0.0
3,30,LDA,150,1.5384615384615385
3,31,k-NN,10,28.57142857142857
3,31,LDA,10,8.205128205128204
3,31,k-NN,20,16.666666666666664
3,31,LDA,20,6.153846153846154
3,31,k-NN,40,16.666666666666664
3,31,LDA,40,3.589743589743589
3,31,k-NN,80,28.57142857142857
3,31,LDA,80,0.5128205128205132
3,31,k-NN,150,28.57142857142857
3,31,LDA,150,0.0
3,32,k-NN,10,0.0
3,32,LDA,10,1.5384615384615385
3,32,k-NN,20,16.666666666666664
3,32,LDA,20,0.0
3,32,k-NN,40,0.0
3,32,LDA,40,0.0
3,32,k-NN,80,0.0
3,32,LDA,80,0.0
3,32,k-NN,150,0.0
3,32,LDA,150,0.0
3,33,k-NN,10,0.0
3,33,LDA,10,2.0512820512820515
3,33,k-NN,20,0.0
3,33,LDA,20,0.0
3,33,k-NN,40,0.0
3,33,LDA,40,0.0
3,33,k-NN,80,0.0
3,33,LDA,80,0.5128205128205132
3,33,k-NN,150,0.0
3,33,LDA,150,5.6410256410256405
3,34,k-NN,10,0.0
3,34,LDA,10,1.025641025641025
3,34,k-NN,20,0.0
3,34,LDA,20,0.0
3,34,k-NN,40,0.0
3,34,LDA,40,0.0
3,34,k-NN,80,0.0
3,34,LDA,80,0.0
3,34,k-NN,150,0.0
3,34,LDA,150,0.0
3,35,k-NN,10,16.95652173913043
3,35,LDA,10,21.025641025641026
3,35,k-NN,20,16.810344827586203
3,35,LDA,20,4.615384615384616
3,35,k-NN,40,16.810344827586203
3,35,LDA,40,4.615384615384616
3,35,k-NN,80,16.810344827586203
3,35,LDA,80,3.076923076923077
3,35,k-NN,150,16.810344827586203
3,35,LDA,150,1.5384615384615385
3,36,k-NN,10,4.285714285714284
3,36,LDA,10,0.5128205128205132
3,36,k-NN,20,2.4590163934426243
3,36,LDA,20,0.0
3,36,k-NN,40,1.5000000000000062
3,36,LDA,40,0.0
3,36,k-NN,80,1.5094339622641455
3,36,LDA,80,0.0
3,36,k-NN,150,1.5094339622641455
3,36,LDA,150,0.0
3,37,k-NN,10,2.4590163934426243
3,37,LDA,10,3.589743589743589
3,37,k-NN,20,0.508474576271188
3,37,LDA,20,0.0
3,37,k-NN,40,0.508474576271188
3,37,LDA,40,0.0
3,37,k-NN,80,0.508474576271188
3,37,LDA,80,0.0
3,37,k-NN,150,0.508474576271188
3,37,LDA,150,0.0
3,38,k-NN,10,16.95652173913043
3,38,LDA,10,20.0
3,38,k-NN,20,0.9756097560975601
3,38,LDA,20,11.794871794871794
3,38,k-NN,40,0.9756097560975601
3,38,LDA,40,8.205128205128204
3,38,k-NN,80,0.0
3,38,LDA,80,1.5384615384615385
3,38,k-NN,150,0.508474576271188
3,38,LDA,150,5.6410256410256405
3,39,k-NN,10,16.810344827586203
3,39,LDA,10,4.615384615384616
3,39,k-NN,20,16.88311688311688
3,39,LDA,20,3.589743589743589
3,39,k-NN,40,1.0000000000000004
3,39,LDA,40,0.0
3,39,k-NN,80,1.0000000000000004
3,39,LDA,80,0.0
3,39,k-NN,150,1.0000000000000004
3,39,LDA,150,0.0
3,40,k-NN,10,3.456790123456789
3,40,LDA,10,10.256410256410255
3,40,k-NN,20,3.456790123456789
3,40,LDA,20,20.0
3,40,k-NN,40,4.320000000000001
3,40,LDA,40,20.0
3,40,k-NN,80,2.479338842975208
3,40,LDA,80,20.0
3,40,k-NN,150,2.479338842975208
3,40,LDA,150,20.0
4,1,k-NN,10,0.5128205128205119
4,1,LDA,10,2.0512820512820515
4,1,k-NN,20,1.019108280254777
4,1,LDA,20,3.076923076923077
4,1,k-NN,40,1.0126582278480982
4,1,LDA,40,2.0512820512820515
4,1,k-NN,80,1.019108280254777
4,1,LDA,80,3.076923076923077
4,1,k-NN,150,1.0169491525423704
4,1,LDA,150,2.564102564102564
4,2,k-NN,10,0.0
4,2,LDA,10,0.5128205128205132
4,2,k-NN,20,0.0
4,2,LDA,20,0.0
4,2,k-NN,40,0.0
4,2,LDA,40,0.0
4,2,k-NN,80,0.0
4,2,LDA,80,0.0
4,2,k-NN,150,0.0
4,2,LDA,150,0.0
4,3,k-NN,10,38.48684210526316
4,3,LDA,10,20.0
4,3,k-NN,20,2.409638554216868
4,3,LDA,20,4.102564102564102
4,3,k-NN,40,2.8571428571428577
4,3,LDA,40,0.0
4,3,k-NN,80,2.409638554216868
4,3,LDA,80,0.0
4,3,k-NN,150,1.9512195121951201
4,3,LDA,150,0.0
4,4,k-NN,10,2.9508196721311513
4,4,LDA,10,12.307692307692308
4,4,k-NN,20,2.666666666666667
4,4,LDA,20,3.589743589743589
4,4,k-NN,40,0.0
4,4,LDA,40,0.0
4,4,k-NN,80,0.0
4,4,LDA,80,0.0
4,4,k-NN,150,0.0
4,4,LDA,150,0.0
4,5,k-NN,10,2.7272727272727266
4,5,LDA,10,2.564102564102564
4,5,k-NN,20,0.508474576271188
4,5,LDA,20,2.0512820512820515
4,5,k-NN,40,0.508474576271188
4,5,LDA,40,0.0
4,5,k-NN,80,1.008403361344536
4,5,LDA,80,0.0
4,5,k-NN,150,1.008403361344536
4,5,LDA,150,0.0
4,6,k-NN,10,0.0
4,6,LDA,10,0.0
4,6,k-NN,20,0.0
4,6,LDA,20,0.0
4,6,k-NN,40,0.0
4,6,LDA,40,0.0
4,6,k-NN,80,0.0
4,6,LDA,80,0.0
4,6,k-NN,150,0.0
4,6,LDA,150,0.0
4,7,k-NN,10,0.0
4,7,LDA,10,0.5128205128205132
4,7,k-NN,20,0.0
4,7,LDA,20,1.025641025641025
4,7,k-NN,40,0.0
4,7,LDA,40,0.0
4,7,k-NN,80,0.0
4,7,LDA,80,0.0
4,7,k-NN,150,0.0
4,7,LDA,150,0.0
4,8,k-NN,10,0.0
4,8,LDA,10,0.0
4,8,k-NN,20,0.0
4,8,LDA,20,0.0
4,8,k-NN,40,0.0
4,8,LDA,40,0.0
4,8,k-NN,80,0.0
4,8,LDA,80,0.0
4,8,k-NN,150,0.0
4,8,LDA,150,0.0
4,9,k-NN,10,28.888888888888893
4,9,LDA,10,7.6923076923076925
4,9,k-NN,20,16.810344827586203
4,9,LDA,20,1.025641025641025
4,9,k-NN,40,16.88311688311688
4,9,LDA,40,0.0
4,9,k-NN,80,16.810344827586203
4,9,LDA,80,0.0
4,9,k-NN,150,16.810344827586203
4,9,LDA,150,0.0
4,10,k-NN,10,0.0
4,10,LDA,10,0.0
4,10,k-NN,20,0.0
4,10,LDA,20,0.0
4,10,k-NN,40,0.0
4,10,LDA,40,0.0
4,10,k-NN,80,0.0
4,10,LDA,80,0.0
4,10,k-NN,150,0.0
4,10,LDA,150,0.0
4,11,k-NN,10,0.0
4,11,LDA,10,0.0
4,11,k-NN,20,0.0
4,11,LDA,20,0.0
4,11,k-NN,40,0.0
4,11,LDA,40,0.0
4,11,k-NN,80,0.0
4,11,LDA,80,0.0
4,11,k-NN,150,0.0
4,11,LDA,150,0.0
4,12,k-NN,10,0.0
4,12,LDA,10,1.5384615384615385
4,12,k-NN,20,0.0
4,12,LDA,20,0.0
4,12,k-NN,40,0.0
4,12,LDA,40,0.0
4,12,k-NN,80,0.0
4,12,LDA,80,0.0
4,12,k-NN,150,0.0
4,12,LDA,150,0.0
4,13,k-NN,10,0.5000000000000002
4,13,LDA,10,4.615384615384616
4,13,k-NN,20,0.0
4,13,LDA,20,0.5128205128205132
4,13,k-NN,40,0.0
4,13,LDA,40,0.0
4,13,k-NN,80,0.0
4,13,LDA,80,0.0
4,13,k-NN,150,0.0
4,13,LDA,150,0.0
4,14,k-NN,10,0.0
4,14,LDA,10,0.0
4,14,k-NN,20,0.0
4,14,LDA,20,0.0
4,14,k-NN,40,0.0
4,14,LDA,40,0.0
4,14,k-NN,80,0.0
4,14,LDA,80,0.0
4,14,k-NN,150,0.0
4,14,LDA,150,0.5128205128205132
4,15,k-NN,10,1.0169491525423704
4,15,LDA,10,21.53846153846154
4,15,k-NN,20,0.5128205128205119
4,15,LDA,20,3.076923076923077
4,15,k-NN,40,0.508474576271188
4,15,LDA,40,0.0
4,15,k-NN,80,0.5063291139240491
4,15,LDA,80,0.0
4,15,k-NN,150,0.5063291139240491
4,15,LDA,150,0.0
4,16,k-NN,10,28.996282527881046
4,16,LDA,10,5.6410256410256405
4,16,k-NN,20,28.676470588235293
4,16,LDA,20,1.025641025641025
4,16,k-NN,40,28.888888888888893
4,16,LDA,40,0.0
4,16,k-NN,80,28.888888888888893
4,16,LDA,80,0.0
4,16,k-NN,150,28.888888888888893
4,16,LDA,150,2.564102564102564
4,17,k-NN,10,1.0000000000000004
4,17,LDA,10,2.0512820512820515
4,17,k-NN,20,2.409638554216868
4,17,LDA,20,0.0
4,17,k-NN,40,1.4285714285714275
4,17,LDA,40,0.0
4,17,k-NN,80,2.272727272727273
4,17,LDA,80,0.0
4,17,k-NN,150,2.272727272727273
4,17,LDA,150,0.0
4,18,k-NN,10,0.5000000000000002
4,18,LDA,10,0.0
4,18,k-NN,20,0.9756097560975601
4,18,LDA,20,0.0
4,18,k-NN,40,0.5102040816326506
4,18,LDA,40,0.0
4,18,k-NN,80,0.9999999999999991
4,18,LDA,80,0.0
4,18,k-NN,150,0.5000000000000002
4,18,LDA,150,0.0
4,19,k-NN,10,0.0
4,19,LDA,10,2.0512820512820515
4,19,k-NN,20,0.0
4,19,LDA,20,0.0
4,19,k-NN,40,0.0
4,19,LDA,40,0.0
4,19,k-NN,80,0.9756097560975601
4,19,LDA,80,0.0
4,19,k-NN,150,1.4285714285714275
4,19,LDA,150,0.5128205128205132
4,20,k-NN,10,1.4285714285714275
4,20,LDA,10,0.0
4,20,k-NN,20,0.0
4,20,LDA,20,0.0
4,20,k-NN,40,0.0
4,20,LDA,40,0.0
4,20,k-NN,80,0.0
4,20,LDA,80,0.0
4,20,k-NN,150,0.0
4,20,LDA,150,0.0
4,21,k-NN,10,2.3255813953488365
4,21,LDA,10,2.564102564102564
4,21,k-NN,20,0.0
4,21,LDA,20,0.5128205128205132
4,21,k-NN,40,0.0
4,21,LDA,40,0.0
4,21,k-NN,80,0.0
4,21,LDA,80,0.0
4,21,k-NN,150,0.0
4,21,LDA,150,0.0
4,22,k-NN,10,0.0
4,22,LDA,10,2.564102564102564
4,22,k-NN,20,0.0
4,22,LDA,20,0.0
4,22,k-NN,40,0.0
4,22,LDA,40,0.0
4,22,k-NN,80,0.0
4,22,LDA,80,0.0
4,22,k-NN,150,0.0
4,22,LDA,150,0.0
4,23,k-NN,10,16.810344827586203
4,23,LDA,10,4.615384615384616
4,23,k-NN,20,16.95652173913043
4,23,LDA,20,2.564102564102564
4,23,k-NN,40,17.030567685589514
4,23,LDA,40,0.5128205128205132
4,23,k-NN,80,16.95652173913043
4,23,LDA,80,0.0
4,23,k-NN,150,17.105263157894733
4,23,LDA,150,0.0
4,24,k-NN,10,16.666666666666664
4,24,LDA,10,1.025641025641025
4,24,k-NN,20,0.0
4,24,LDA,20,0.5128205128205132
4,24,k-NN,40,0.0
4,24,LDA,40,0.0
4,24,k-NN,80,0.0
4,24,LDA,80,0.5128205128205132
4,24,k-NN,150,0.0
4,24,LDA,150,0.5128205128205132
4,25,k-NN,10,1.9047619047619055
4,25,LDA,10,1.5384615384615385
4,25,k-NN,20,0.0
4,25,LDA,20,0.0
4,25,k-NN,40,0.0
4,25,LDA,40,0.0
4,25,k-NN,80,0.0
4,25,LDA,80,0.0
4,25,k-NN,150,0.0
4,25,LDA,150,0.0
4,26,k-NN,10,1.4285714285714275
4,26,LDA,10,9.743589743589745
4,26,k-NN,20,0.9756097560975601
4,26,LDA,20,13.333333333333334
4,26,k-NN,40,0.0
4,26,LDA,40,4.102564102564102
4,26,k-NN,80,0.0
4,26,LDA,80,2.0512820512820515
4,26,k-NN,150,0.9756097560975601
4,26,LDA,150,0.5128205128205132
4,27,k-NN,10,1.8604651162790697
4,27,LDA,10,0.5128205128205132
4,27,k-NN,20,0.0
4,27,LDA,20,0.5128205128205132
4,27,k-NN,40,0.0
4,27,LDA,40,0.0
4,27,k-NN,80,0.5000000000000002
4,27,LDA,80,0.0
4,27,k-NN,150,0.0
4,27,LDA,150,0.0
4,28,k-NN,10,16.88311688311688
4,28,LDA,10,4.102564102564102
4,28,k-NN,20,16.95652173913043
4,28,LDA,20,3.589743589743589
4,28,k-NN,40,16.95652173913043
4,28,LDA,40,20.0
4,28,k-NN,80,16.7381974248927
4,28,LDA,80,20.0
4,28,k-NN,150,16.7381974248927
4,28,LDA,150,9.743589743589745
4,29,k-NN,10,2.0253164556962022
4,29,LDA,10,5.6410256410256405
4,29,k-NN,20,1.4814814814814825
4,29,LDA,20,3.076923076923077
4,29,k-NN,40,0.0
4,29,LDA,40,0.0
4,29,k-NN,80,0.0
4,29,LDA,80,0.0
4,29,k-NN,150,0.0
4,29,LDA,150,0.0
4,30,k-NN,10,0.0
4,30,LDA,10,1.025641025641025
4,30,k-NN,20,0.0
4,30,LDA,20,1.025641025641025
4,30,k-NN,40,0.0
4,30,LDA,40,0.0
4,30,k-NN,80,0.0
4,30,LDA,80,0.0
4,30,k-NN,150,0.0
4,30,LDA,150,0.0
4,31,k-NN,10,0.0
4,31,LDA,10,8.717948717948717
4,31,k-NN,20,0.0
4,31,LDA,20,9.230769230769232
4,31,k-NN,40,0.0
4,31,LDA,40,1.5384615384615385
4,31,k-NN,80,0.0
4,31,LDA,80,2.0512820512820515
4,31,k-NN,150,0.0
4,31,LDA,150,0.0
4,32,k-NN,10,0.5128205128205132
4,32,LDA,10,1.5384615384615385
4,32,k-NN,20,16.7381974248927
4,32,LDA,20,0.0
4,32,k-NN,40,0.0
4,32,LDA,40,0.0
4,32,k-NN,80,0.0
4,32,LDA,80,0.0
4,32,k-NN,150,0.0
4,32,LDA,150,0.0
4,33,k-NN,10,0.5000000000000002
4,33,LDA,10,6.153846153846154
4,33,k-NN,20,0.0
4,33,LDA,20,17.94871794871795
4,33,k-NN,40,0.0
4,33,LDA,40,3.589743589743589
4,33,k-NN,80,0.0
4,33,LDA,80,1.025641025641025
4,33,k-NN,150,0.0
4,33,LDA,150,1.025641025641025
4,34,k-NN,10,0.0
4,34,LDA,10,1.025641025641025
4,34,k-NN,20,0.0
4,34,LDA,20,0.0
4,34,k-NN,40,0.0
4,34,LDA,40,0.0
4,34,k-NN,80,0.0
4,34,LDA,80,0.0
4,34,k-NN,150,0.0
4,34,LDA,150,0.0
4,35,k-NN,10,44.95677233429395
4,35,LDA,10,51.28205128205128
4,35,k-NN,20,44.827586206896555
4,35,LDA,20,18.974358974358974
4,35,k-NN,40,37.74193548387097
4,35,LDA,40,25.64102564102564
4,35,k-NN,80,37.5
4,35,LDA,80,3.076923076923077
4,35,k-NN,150,37.5
4,35,LDA,150,2.0512820512820515
4,36,k-NN,10,17.030567685589514
4,36,LDA,10,4.615384615384616
4,36,k-NN,20,1.4814814814814825
4,36,LDA,20,2.0512820512820515
4,36,k-NN,40,1.0000000000000004
4,36,LDA,40,5.128205128205128
4,36,k-NN,80,0.5000000000000002
4,36,LDA,80,4.102564102564102
4,36,k-NN,150,0.9756097560975601
4,36,LDA,150,1.5384615384615385
4,37,k-NN,10,0.5095541401273884
4,37,LDA,10,3.076923076923077
4,37,k-NN,20,0.0
4,37,LDA,20,0.5128205128205132
4,37,k-NN,40,0.0
4,37,LDA,40,0.5128205128205132
4,37,k-NN,80,0.0
4,37,LDA,80,0.0
4,37,k-NN,150,0.0
4,37,LDA,150,1.025641025641025
4,38,k-NN,10,2.8915662650602414
4,38,LDA,10,6.153846153846154
4,38,k-NN,20,2.409638554216868
4,38,LDA,20,0.0
4,38,k-NN,40,0.508474576271188
4,38,LDA,40,0.0
4,38,k-NN,80,1.4285714285714275
4,38,LDA,80,0.0
4,38,k-NN,150,2.272727272727273
4,38,LDA,150,0.0
4,39,k-NN,10,16.88311688311688
4,39,LDA,10,4.102564102564102
4,39,k-NN,20,0.0
4,39,LDA,20,1.5384615384615385
4,39,k-NN,40,0.0
4,39,LDA,40,0.0
4,39,k-NN,80,0.0
4,39,LDA,80,0.5128205128205132
4,39,k-NN,150,0.0
4,39,LDA,150,0.0
4,40,k-NN,10,17.333333333333332
4,40,LDA,10,13.333333333333334
4,40,k-NN,20,5.19685039370079
4,40,LDA,20,5.6410256410256405
4,40,k-NN,40,6.093749999999999
4,40,LDA,40,1.025641025641025
4,40,k-NN,80,4.597701149425287
4,40,LDA,80,1.025641025641025
4,40,k-NN,150,4.320000000000001
4,40,LDA,150,0.5128205128205132
5,1,k-NN,10,16.810344827586203
5,1,LDA,10,2.0512820512820515
5,1,k-NN,20,1.0256410256410238
5,1,LDA,20,1.025641025641025
5,1,k-NN,40,1.025641025641025
5,1,LDA,40,0.0
5,1,k-NN,80,1.0126582278481011
5,1,LDA,80,0.5128205128205132
5,1,k-NN,150,1.0126582278481011
5,1,LDA,150,0.0
5,2,k-NN,10,0.0
5,2,LDA,10,1.025641025641025
5,2,k-NN,20,0.0
5,2,LDA,20,0.0
5,2,k-NN,40,0.0
5,2,LDA,40,0.0
5,2,k-NN,80,0.0
5,2,LDA,80,0.0
5,2,k-NN,150,0.0
5,2,LDA,150,0.0
5,3,k-NN,10,5.6692913385826795
5,3,LDA,10,10.76923076923077
5,3,k-NN,20,3.111111111111111
5,3,LDA,20,0.0
5,3,k-NN,40,0.0
5,3,LDA,40,0.0
5,3,k-NN,80,0.0
5,3,LDA,80,0.0
5,3,k-NN,150,0.0
5,3,LDA,150,0.0
5,4,k-NN,10,28.996282527881046
5,4,LDA,10,5.6410256410256405
5,4,k-NN,20,17.105263157894733
5,4,LDA,20,0.5128205128205132
5,4,k-NN,40,17.105263157894733
5,4,LDA,40,0.0
5,4,k-NN,80,2.4390243902439033
5,4,LDA,80,0.0
5,4,k-NN,150,2.4390243902439033
5,4,LDA,150,0.0
5,5,k-NN,10,17.333333333333332
5,5,LDA,10,4.102564102564102
5,5,k-NN,20,4.3902439024390265
5,5,LDA,20,2.0512820512820515
5,5,k-NN,40,5.0
5,5,LDA,40,0.0
5,5,k-NN,80,4.89795918367347
5,5,LDA,80,0.0
5,5,k-NN,150,4.680851063829786
5,5,LDA,150,0.0
5,6,k-NN,10,0.0
5,6,LDA,10,0.0
5,6,k-NN,20,0.0
5,6,LDA,20,0.0
5,6,k-NN,40,0.0
5,6,LDA,40,0.0
5,6,k-NN,80,0.0
5,6,LDA,80,0.0
5,6,k-NN,150,0.0
5,6,LDA,150,0.0
5,7,k-NN,10,0.5000000000000002
5,7,LDA,10,0.0
5,7,k-NN,20,0.0
5,7,LDA,20,0.5128205128205132
5,7,k-NN,40,0.0
5,7,LDA,40,0.0
5,7,k-NN,80,0.0
5,7,LDA,80,0.0
5,7,k-NN,150,0.0
5,7,LDA,150,0.0
5,8,k-NN,10,0.0
5,8,LDA,10,0.0
5,8,k-NN,20,0.0
5,8,LDA,20,0.0
5,8,k-NN,40,0.0
5,8,LDA,40,0.0
5,8,k-NN,80,0.0
5,8,LDA,80,0.0
5,8,k-NN,150,0.0
5,8,LDA,150,0.0
5,9,k-NN,10,4.489795918367346
5,9,LDA,10,2.0512820512820515
5,9,k-NN,20,1.4285714285714275
5,9,LDA,20,0.0
5,9,k-NN,40,0.0
5,9,LDA,40,0.0
5,9,k-NN,80,0.0
5,9,LDA,80,0.0
5,9,k-NN,150,0.0
5,9,LDA,150,0.0
5,10,k-NN,10,0.0
5,10,LDA,10,0.0
5,10,k-NN,20,0.0
5,10,LDA,20,0.0
5,10,k-NN,40,0.0
5,10,LDA,40,0.0
5,10,k-NN,80,0.0
5,10,LDA,80,0.0
5,10,k-NN,150,0.0
5,10,LDA,150,0.0
5,11,k-NN,10,0.0
5,11,LDA,10,0.0
5,11,k-NN,20,0.0
5,11,LDA,20,0.0
5,11,k-NN,40,0.0
5,11,LDA,40,0.0
5,11,k-NN,80,0.0
5,11,LDA,80,0.0
5,11,k-NN,150,0.0
5,11,LDA,150,0.0
5,12,k-NN,10,0.0
5,12,LDA,10,0.0
5,12,k-NN,20,0.0
5,12,LDA,20,0.0
5,12,k-NN,40,0.0
5,12,LDA,40,0.0
5,12,k-NN,80,0.0
5,12,LDA,80,0.0
5,12,k-NN,150,0.0
5,12,LDA,150,0.0
5,13,k-NN,10,0.0
5,13,LDA,10,2.564102564102564
5,13,k-NN,20,0.0
5,13,LDA,20,0.0
5,13,k-NN,40,0.0
5,13,LDA,40,0.0
5,13,k-NN,80,0.0
5,13,LDA,80,0.0
5,13,k-NN,150,0.0
5,13,LDA,150,0.0
5,14,k-NN,10,0.0
5,14,LDA,10,0.0
5,14,k-NN,20,0.0
5,14,LDA,20,0.0
5,14,k-NN,40,0.0
5,14,LDA,40,0.0
5,14,k-NN,80,0.0
5,14,LDA,80,0.0
5,14,k-NN,150,0.0
5,14,LDA,150,0.0
5,15,k-NN,10,1.008403361344536
5,15,LDA,10,23.589743589743588
5,15,k-NN,20,1.5000000000000062
5,15,LDA,20,3.589743589743589
5,15,k-NN,40,0.0
5,15,LDA,40,0.0
5,15,k-NN,80,0.508474576271188
5,15,LDA,80,0.0
5,15,k-NN,150,0.0
5,15,LDA,150,0.0
5,16,k-NN,10,1.975308641975309
5,16,LDA,10,4.102564102564102
5,16,k-NN,20,1.4634146341463423
5,16,LDA,20,0.0
5,16,k-NN,40,0.9999999999999991
5,16,LDA,40,0.0
5,16,k-NN,80,0.9999999999999991
5,16,LDA,80,0.0
5,16,k-NN,150,0.9999999999999991
5,16,LDA,150,0.0
5,17,k-NN,10,1.0169491525423704
5,17,LDA,10,2.0512820512820515
5,17,k-NN,20,3.764705882352942
5,17,LDA,20,5.6410256410256405
5,17,k-NN,40,1.9512195121951201
5,17,LDA,40,0.0
5,17,k-NN,80,0.0
5,17,LDA,80,0.0
5,17,k-NN,150,1.4634146341463423
5,17,LDA,150,0.0
5,18,k-NN,10,2.9268292682926815
5,18,LDA,10,6.666666666666665
5,18,k-NN,20,17.180616740088105
5,18,LDA,20,13.333333333333334
5,18,k-NN,40,17.105263157894733
5,18,LDA,40,2.564102564102564
5,18,k-NN,80,17.105263157894733
5,18,LDA,80,3.076923076923077
5,18,k-NN,150,2.9268292682926815
5,18,LDA,150,0.5128205128205132
5,19,k-NN,10,16.810344827586203
5,19,LDA,10,15.384615384615385
5,19,k-NN,20,16.88311688311688
5,19,LDA,20,20.0
5,19,k-NN,40,1.9047619047619055
5,19,LDA,40,20.0
5,19,k-NN,80,17.030567685589514
5,19,LDA,80,20.0
5,19,k-NN,150,1.9512195121951226
5,19,LDA,150,14.871794871794872
5,20,k-NN,10,0.5128205128205132
5,20,LDA,10,0.0
5,20,k-NN,20,0.0
5,20,LDA,20,0.0
5,20,k-NN,40,0.0
5,20,LDA,40,0.0
5,20,k-NN,80,0.0
5,20,LDA,80,0.0
5,20,k-NN,150,0.0
5,20,LDA,150,0.0
5,21,k-NN,10,0.5063291139240491
5,21,LDA,10,0.5128205128205132
5,21,k-NN,20,0.0
5,21,LDA,20,2.0512820512820515
5,21,k-NN,40,0.0
5,21,LDA,40,0.0
5,21,k-NN,80,0.0
5,21,LDA,80,0.0
5,21,k-NN,150,0.0
5,21,LDA,150,0.0
5,22,k-NN,10,0.0
5,22,LDA,10,2.564102564102564
5,22,k-NN,20,0.0
5,22,LDA,20,0.5128205128205132
5,22,k-NN,40,0.0
5,22,LDA,40,1.025641025641025
5,22,k-NN,80,0.0
5,22,LDA,80,0.5128205128205132
5,22,k-NN,150,0.0
5,22,LDA,150,4.102564102564102
5,23,k-NN,10,1.0126582278480982
5,23,LDA,10,5.6410256410256405
5,23,k-NN,20,1.9512195121951201
5,23,LDA,20,5.128205128205128
5,23,k-NN,40,2.409638554216868
5,23,LDA,40,0.0
5,23,k-NN,80,1.0000000000000004
5,23,LDA,80,0.0
5,23,k-NN,150,1.9512195121951201
5,23,LDA,150,0.0
5,24,k-NN,10,0.0
5,24,LDA,10,0.0
5,24,k-NN,20,0.0
5,24,LDA,20,0.0
5,24,k-NN,40,0.0
5,24,LDA,40,0.0
5,24,k-NN,80,0.0
5,24,LDA,80,0.0
5,24,k-NN,150,0.0
5,24,LDA,150,0.0
5,25,k-NN,10,1.4285714285714275
5,25,LDA,10,0.5128205128205132
5,25,k-NN,20,0.5000000000000002
5,25,LDA,20,0.5128205128205132
5,25,k-NN,40,0.0
5,25,LDA,40,0.0
5,25,k-NN,80,0.5000000000000002
5,25,LDA,80,0.0
5,25,k-NN,150,0.0
5,25,LDA,150,0.0
5,26,k-NN,10,1.4285714285714275
5,26,LDA,10,10.76923076923077
5,26,k-NN,20,1.9047619047619055
5,26,LDA,20,6.153846153846154
5,26,k-NN,40,2.3255813953488365
5,26,LDA,40,20.0
5,26,k-NN,80,1.9047619047619055
5,26,LDA,80,12.307692307692308
5,26,k-NN,150,1.4634146341463423
5,26,LDA,150,20.0
5,27,k-NN,10,0.0
5,27,LDA,10,0.0
5,27,k-NN,20,0.0
5,27,LDA,20,0.0
5,27,k-NN,40,0.0
5,27,LDA,40,0.0
5,27,k-NN,80,0.0
5,27,LDA,80,0.0
5,27,k-NN,150,0.0
5,27,LDA,150,0.0
5,28,k-NN,10,1.0126582278480982
5,28,LDA,10,15.897435897435896
5,28,k-NN,20,1.5094339622641455
5,28,LDA,20,8.205128205128204
5,28,k-NN,40,1.0126582278480982
5,28,LDA,40,4.102564102564102
5,28,k-NN,80,1.0126582278480982
5,28,LDA,80,1.5384615384615385
5,28,k-NN,150,1.5094339622641455
5,28,LDA,150,1.025641025641025
5,29,k-NN,10,4.23529411764706
5,29,LDA,10,2.564102564102564
5,29,k-NN,20,3.4042553191489358
5,29,LDA,20,0.0
5,29,k-NN,40,0.0
5,29,LDA,40,0.0
5,29,k-NN,80,0.0
5,29,LDA,80,0.0
5,29,k-NN,150,0.0
5,29,LDA,150,0.0
5,30,k-NN,10,0.9756097560975601
5,30,LDA,10,4.102564102564102
5,30,k-NN,20,0.0
5,30,LDA,20,2.564102564102564
5,30,k-NN,40,0.0
5,30,LDA,40,0.0
5,30,k-NN,80,0.0
5,30,LDA,80,0.0
5,30,k-NN,150,0.0
5,30,LDA,150,0.5128205128205132
5,31,k-NN,10,0.0
5,31,LDA,10,3.589743589743589
5,31,k-NN,20,0.0
5,31,LDA,20,2.0512820512820515
5,31,k-NN,40,0.0
5,31,LDA,40,0.0
5,31,k-NN,80,16.666666666666664
5,31,LDA,80,0.0
5,31,k-NN,150,16.666666666666664
5,31,LDA,150,0.0
5,32,k-NN,10,16.7381974248927
5,32,LDA,10,2.0512820512820515
5,32,k-NN,20,0.0
5,32,LDA,20,0.0
5,32,k-NN,40,0.0
5,32,LDA,40,0.0
5,32,k-NN,80,0.0
5,32,LDA,80,0.0
5,32,k-NN,150,0.0
5,32,LDA,150,16.7381974248927
5,33,k-NN,10,0.0
5,33,LDA,10,0.0
5,33,k-NN,20,0.0
5,33,LDA,20,0.0
5,33,k-NN,40,0.0
5,33,LDA,40,0.0
5,33,k-NN,80,0.0
5,33,LDA,80,0.0
5,33,k-NN,150,0.0
5,33,LDA,150,0.0
5,34,k-NN,10,0.0
5,34,LDA,10,1.025641025641025
5,34,k-NN,20,0.0
5,34,LDA,20,0.0
5,34,k-NN,40,0.0
5,34,LDA,40,0.0
5,34,k-NN,80,0.0
5,34,LDA,80,0.0
5,34,k-NN,150,0.0
5,34,LDA,150,0.0
5,35,k-NN,10,29.43396226415095
5,35,LDA,10,32.30769230769231
5,35,k-NN,20,17.105263157894733
5,35,LDA,20,14.358974358974358
5,35,k-NN,40,16.666666666666664
5,35,LDA,40,4.102564102564102
5,35,k-NN,80,16.7381974248927
5,35,LDA,80,0.0
5,35,k-NN,150,16.7381974248927
5,35,LDA,150,0.0
5,36,k-NN,10,3.2941176470588216
5,36,LDA,10,0.5128205128205132
5,36,k-NN,20,1.4814814814814825
5,36,LDA,20,0.5128205128205132
5,36,k-NN,40,0.5000000000000002
5,36,LDA,40,0.0
5,36,k-NN,80,0.0
5,36,LDA,80,0.5128205128205132
5,36,k-NN,150,0.0
5,36,LDA,150,0.5128205128205132
5,37,k-NN,10,0.508474576271188
5,37,LDA,10,4.102564102564102
5,37,k-NN,20,0.508474576271188
5,37,LDA,20,0.0
5,37,k-NN,40,0.508474576271188
5,37,LDA,40,1.025641025641025
5,37,k-NN,80,0.508474576271188
5,37,LDA,80,0.0
5,37,k-NN,150,0.508474576271188
5,37,LDA,150,0.0
5,38,k-NN,10,17.030567685589514
5,38,LDA,10,10.76923076923077
5,38,k-NN,20,2.500000000000001
5,38,LDA,20,4.102564102564102
5,38,k-NN,40,1.9512195121951201
5,38,LDA,40,14.871794871794872
5,38,k-NN,80,3.0434782608695645
5,38,LDA,80,1.025641025641025
5,38,k-NN,150,2.666666666666667
5,38,LDA,150,1.025641025641025
5,39,k-NN,10,17.105263157894733
5,39,LDA,10,3.589743589743589
5,39,k-NN,20,1.5000000000000062
5,39,LDA,20,2.564102564102564
5,39,k-NN,40,0.0
5,39,LDA,40,1.5384615384615385
5,39,k-NN,80,0.0
5,39,LDA,80,0.0
5,39,k-NN,150,0.0
5,39,LDA,150,0.0
5,40,k-NN,10,4.800000000000002
5,40,LDA,10,23.589743589743588
5,40,k-NN,20,4.724409448818899
5,40,LDA,20,21.025641025641026
5,40,k-NN,40,4.7619047619047645
5,40,LDA,40,20.0
5,40,k-NN,80,17.488789237668158
5,40,LDA,80,20.0
5,40,k-NN,150,17.410714285714285
5,40,LDA,150,20.0
6,1,k-NN,10,1.0126582278481011
6,1,LDA,10,0.5128205128205132
6,1,k-NN,20,1.0000000000000004
6,1,LDA,20,3.589743589743589
6,1,k-NN,40,1.4814814814814825
6,1,LDA,40,0.5128205128205132
6,1,k-NN,80,1.0000000000000004
6,1,LDA,80,1.025641025641025
6,1,k-NN,150,1.0000000000000004
6,1,LDA,150,7.6923076923076925
6,2,k-NN,10,1.8604651162790697
6,2,LDA,10,0.5128205128205132
6,2,k-NN,20,0.0
6,2,LDA,20,0.0
6,2,k-NN,40,0.0
6,2,LDA,40,0.0
6,2,k-NN,80,0.0
6,2,LDA,80,0.0
6,2,k-NN,150,0.0
6,2,LDA,150,0.0
6,3,k-NN,10,29.65779467680608
6,3,LDA,10,11.282051282051283
6,3,k-NN,20,17.105263157894733
6,3,LDA,20,0.0
6,3,k-NN,40,17.105263157894733
6,3,LDA,40,0.0
6,3,k-NN,80,16.95652173913043
6,3,LDA,80,0.0
6,3,k-NN,150,16.88311688311688
6,3,LDA,150,0.0
6,4,k-NN,10,3.2941176470588216
6,4,LDA,10,5.128205128205128
6,4,k-NN,20,1.4814814814814825
6,4,LDA,20,3.589743589743589
6,4,k-NN,40,0.5000000000000002
6,4,LDA,40,2.564102564102564
6,4,k-NN,80,0.9756097560975601
6,4,LDA,80,0.0
6,4,k-NN,150,0.9756097560975601
6,4,LDA,150,0.0
6,5,k-NN,10,1.9047619047619055
6,5,LDA,10,8.205128205128204
6,5,k-NN,20,2.3255813953488365
6,5,LDA,20,3.076923076923077
6,5,k-NN,40,1.9047619047619055
6,5,LDA,40,1.025641025641025
6,5,k-NN,80,2.7272727272727266
6,5,LDA,80,1.5384615384615385
6,5,k-NN,150,2.3255813953488365
6,5,LDA,150,2.0512820512820515
6,6,k-NN,10,0.0
6,6,LDA,10,0.0
6,6,k-NN,20,0.0
6,6,LDA,20,0.0
6,6,k-NN,40,0.0
6,6,LDA,40,0.0
6,6,k-NN,80,0.0
6,6,LDA,80,0.0
6,6,k-NN,150,0.0
6,6,LDA,150,0.0
6,7,k-NN,10,0.0
6,7,LDA,10,0.5128205128205132
6,7,k-NN,20,0.0
6,7,LDA,20,0.0
6,7,k-NN,40,0.0
6,7,LDA,40,0.0
6,7,k-NN,80,0.0
6,7,LDA,80,0.0
6,7,k-NN,150,0.0
6,7,LDA,150,0.0
6,8,k-NN,10,0.0
6,8,LDA,10,0.5128205128205132
6,8,k-NN,20,0.0
6,8,LDA,20,0.0
6,8,k-NN,40,0.0
6,8,LDA,40,0.0
6,8,k-NN,80,0.0
6,8,LDA,80,0.0
6,8,k-NN,150,0.0
6,8,LDA,150,0.0
6,9,k-NN,10,2.3255813953488365
6,9,LDA,10,0.0
6,9,k-NN,20,0.0
6,9,LDA,20,0.0
6,9,k-NN,40,0.0
6,9,LDA,40,0.0
6,9,k-NN,80,0.0
6,9,LDA,80,0.0
6,9,k-NN,150,0.0
6,9,LDA,150,0.0
6,10,k-NN,10,16.666666666666664
6,10,LDA,10,11.282051282051283
6,10,k-NN,20,16.666666666666664
6,10,LDA,20,0.0
6,10,k-NN,40,16.666666666666664
6,10,LDA,40,0.5128205128205132
6,10,k-NN,80,16.666666666666664
6,10,LDA,80,0.0
6,10,k-NN,150,16.666666666666664
6,10,LDA,150,0.0
6,11,k-NN,10,0.0
6,11,LDA,10,0.0
6,11,k-NN,20,0.0
6,11,LDA,20,0.0
6,11,k-NN,40,0.0
6,11,LDA,40,0.0
6,11,k-NN,80,0.0
6,11,LDA,80,0.0
6,11,k-NN,150,0.0
6,11,LDA,150,0.0
6,12,k-NN,10,0.0
6,12,LDA,10,0.5128205128205132
6,12,k-NN,20,0.0
6,12,LDA,20,0.0
6,12,k-NN,40,0.0
6,12,LDA,40,0.0
6,12,k-NN,80,0.0
6,12,LDA,80,0.0
6,12,k-NN,150,0.0
6,12,LDA,150,0.0
6,13,k-NN,10,0.0
6,13,LDA,10,1.5384615384615385
6,13,k-NN,20,0.9756097560975601
6,13,LDA,20,2.564102564102564
6,13,k-NN,40,0.5000000000000002
6,13,LDA,40,0.5128205128205132
6,13,k-NN,80,0.5000000000000002
6,13,LDA,80,0.0
6,13,k-NN,150,0.9756097560975601
6,13,LDA,150,2.0512820512820515
6,14,k-NN,10,0.0
6,14,LDA,10,0.0
6,14,k-NN,20,0.0
6,14,LDA,20,0.0
6,14,k-NN,40,0.0
6,14,LDA,40,0.0
6,14,k-NN,80,0.0
6,14,LDA,80,0.0
6,14,k-NN,150,0.0
6,14,LDA,150,0.0
6,15,k-NN,10,1.5126050420168098
6,15,LDA,10,43.58974358974359
6,15,k-NN,20,1.0169491525423704
6,15,LDA,20,7.179487179487179
6,15,k-NN,40,0.5128205128205119
6,15,LDA,40,2.564102564102564
6,15,k-NN,80,0.5128205128205119
6,15,LDA,80,0.0
6,15,k-NN,150,0.5128205128205119
6,15,LDA,150,0.0
6,16,k-NN,10,28.996282527881046
6,16,LDA,10,8.205128205128204
6,16,k-NN,20,16.810344827586203
6,16,LDA,20,0.0
6,16,k-NN,40,0.9756097560975601
6,16,LDA,40,0.0
6,16,k-NN,80,1.008403361344536
6,16,LDA,80,0.0
6,16,k-NN,150,1.008403361344536
6,16,LDA,150,0.0
6,17,k-NN,10,28.782287822878228
6,17,LDA,10,11.282051282051283
6,17,k-NN,20,28.888888888888893
6,17,LDA,20,6.153846153846154
6,17,k-NN,40,16.95652173913043
6,17,LDA,40,0.0
6,17,k-NN,80,16.95652173913043
6,17,LDA,80,0.0
6,17,k-NN,150,16.95652173913043
6,17,LDA,150,0.0
6,18,k-NN,10,1.5126050420168098
6,18,LDA,10,6.666666666666665
6,18,k-NN,20,1.9999999999999982
6,18,LDA,20,1.025641025641025
6,18,k-NN,40,2.0168067226890773
6,18,LDA,40,1.025641025641025
6,18,k-NN,80,1.9999999999999982
6,18,LDA,80,0.0
6,18,k-NN,150,2.0253164556962022
6,18,LDA,150,0.0
6,19,k-NN,10,0.5000000000000002
6,19,LDA,10,0.5128205128205132
6,19,k-NN,20,0.0
6,19,LDA,20,0.0
6,19,k-NN,40,0.0
6,19,LDA,40,0.0
6,19,k-NN,80,0.0
6,19,LDA,80,0.0
6,19,k-NN,150,0.0
6,19,LDA,150,0.0
6,20,k-NN,10,28.57142857142857
6,20,LDA,10,2.564102564102564
6,20,k-NN,20,0.0
6,20,LDA,20,0.0
6,20,k-NN,40,0.0
6,20,LDA,40,3.589743589743589
6,20,k-NN,80,0.0
6,20,LDA,80,0.0
6,20,k-NN,150,0.0
6,20,LDA,150,0.5128205128205132
6,21,k-NN,10,0.0
6,21,LDA,10,5.128205128205128
6,21,k-NN,20,0.0
6,21,LDA,20,0.0
6,21,k-NN,40,0.0
6,21,LDA,40,0.0
6,21,k-NN,80,0.0
6,21,LDA,80,0.0
6,21,k-NN,150,0.0
6,21,LDA,150,0.0
6,22,k-NN,10,0.0
6,22,LDA,10,2.0512820512820515
6,22,k-NN,20,0.0
6,22,LDA,20,1.025641025641025
6,22,k-NN,40,0.0
6,22,LDA,40,0.5128205128205132
6,22,k-NN,80,0.0
6,22,LDA,80,1.5384615384615385
6,22,k-NN,150,0.0
6,22,LDA,150,0.0
6,23,k-NN,10,0.5102040816326506
6,23,LDA,10,2.564102564102564
6,23,k-NN,20,0.5095541401273884
6,23,LDA,20,1.025641025641025
6,23,k-NN,40,0.0
6,23,LDA,40,0.0
6,23,k-NN,80,0.0
6,23,LDA,80,0.0
6,23,k-NN,150,0.0
6,23,LDA,150,0.0
6,24,k-NN,10,1.025641025641025
6,24,LDA,10,3.076923076923077
6,24,k-NN,20,0.0
6,24,LDA,20,0.0
6,24,k-NN,40,0.0
6,24,LDA,40,0.0
6,24,k-NN,80,0.0
6,24,LDA,80,0.0
6,24,k-NN,150,0.0
6,24,LDA,150,0.0
6,25,k-NN,10,3.255813953488371
6,25,LDA,10,1.5384615384615385
6,25,k-NN,20,2.7906976744186047
6,25,LDA,20,0.0
6,25,k-NN,40,2.7906976744186047
6,25,LDA,40,0.0
6,25,k-NN,80,2.666666666666667
6,25,LDA,80,0.0
6,25,k-NN,150,2.7906976744186047
6,25,LDA,150,0.0
6,26,k-NN,10,0.508474576271188
6,26,LDA,10,3.589743589743589
6,26,k-NN,20,0.0
6,26,LDA,20,0.0
6,26,k-NN,40,0.0
6,26,LDA,40,0.0
6,26,k-NN,80,0.0
6,26,LDA,80,0.0
6,26,k-NN,150,0.0
6,26,LDA,150,0.0
6,27,k-NN,10,0.0
6,27,LDA,10,0.0
6,27,k-NN,20,0.5000000000000002
6,27,LDA,20,0.0
6,27,k-NN,40,0.0
6,27,LDA,40,0.0
6,27,k-NN,80,0.0
6,27,LDA,80,0.0
6,27,k-NN,150,0.0
6,27,LDA,150,0.0
6,28,k-NN,10,0.508474576271188
6,28,LDA,10,7.6923076923076925
6,28,k-NN,20,1.5000000000000062
6,28,LDA,20,16.923076923076923
6,28,k-NN,40,1.5000000000000062
6,28,LDA,40,20.0
6,28,k-NN,80,1.008403361344536
6,28,LDA,80,20.0
6,28,k-NN,150,1.008403361344536
6,28,LDA,150,20.0
6,29,k-NN,10,1.975308641975309
6,29,LDA,10,6.666666666666665
6,29,k-NN,20,0.0
6,29,LDA,20,1.5384615384615385
6,29,k-NN,40,0.0
6,29,LDA,40,0.0
6,29,k-NN,80,0.0
6,29,LDA,80,0.0
6,29,k-NN,150,0.0
6,29,LDA,150,0.0
6,30,k-NN,10,0.0
6,30,LDA,10,0.5128205128205132
6,30,k-NN,20,0.0
6,30,LDA,20,1.5384615384615385
6,30,k-NN,40,0.0
6,30,LDA,40,1.025641025641025
6,30,k-NN,80,0.5000000000000002
6,30,LDA,80,3.589743589743589
6,30,k-NN,150,0.5000000000000002
6,30,LDA,150,3.076923076923077
6,31,k-NN,10,0.0
6,31,LDA,10,3.589743589743589
6,31,k-NN,20,0.0
6,31,LDA,20,0.5128205128205132
6,31,k-NN,40,0.0
6,31,LDA,40,0.0
6,31,k-NN,80,0.0
6,31,LDA,80,0.0
6,31,k-NN,150,0.0
6,31,LDA,150,0.0
6,32,k-NN,10,0.5102040816326506
6,32,LDA,10,0.5128205128205132
6,32,k-NN,20,0.0
6,32,LDA,20,0.0
6,32,k-NN,40,0.0
6,32,LDA,40,0.0
6,32,k-NN,80,0.0
6,32,LDA,80,0.0
6,32,k-NN,150,0.0
6,32,LDA,150,0.5128205128205132
6,33,k-NN,10,0.0
6,33,LDA,10,3.076923076923077
6,33,k-NN,20,0.9756097560975601
6,33,LDA,20,11.794871794871794
6,33,k-NN,40,0.5000000000000002
6,33,LDA,40,1.5384615384615385
6,33,k-NN,80,0.0
6,33,LDA,80,1.025641025641025
6,33,k-NN,150,0.0
6,33,LDA,150,1.025641025641025
6,34,k-NN,10,0.0
6,34,LDA,10,0.5128205128205132
6,34,k-NN,20,0.0
6,34,LDA,20,0.0
6,34,k-NN,40,0.0
6,34,LDA,40,0.0
6,34,k-NN,80,0.0
6,34,LDA,80,0.0
6,34,k-NN,150,0.0
6,34,LDA,150,0.0
6,35,k-NN,10,28.996282527881046
6,35,LDA,10,29.230769230769234
6,35,k-NN,20,28.57142857142857
6,35,LDA,20,17.94871794871795
6,35,k-NN,40,28.57142857142857
6,35,LDA,40,17.435897435897434
6,35,k-NN,80,28.57142857142857
6,35,LDA,80,2.0512820512820515
6,35,k-NN,150,28.57142857142857
6,35,LDA,150,3.076923076923077
6,36,k-NN,10,2.272727272727273
6,36,LDA,10,4.615384615384616
6,36,k-NN,20,2.666666666666667
6,36,LDA,20,3.076923076923077
6,36,k-NN,40,1.4285714285714275
6,36,LDA,40,0.0
6,36,k-NN,80,1.4285714285714275
6,36,LDA,80,0.5128205128205132
6,36,k-NN,150,0.0
6,36,LDA,150,0.5128205128205132
6,37,k-NN,10,0.0
6,37,LDA,10,4.102564102564102
6,37,k-NN,20,0.0
6,37,LDA,20,0.5128205128205132
6,37,k-NN,40,0.508474576271188
6,37,LDA,40,0.5128205128205132
6,37,k-NN,80,0.0
6,37,LDA,80,0.0
6,37,k-NN,150,0.0
6,37,LDA,150,0.0
6,38,k-NN,10,0.9756097560975601
6,38,LDA,10,5.128205128205128
6,38,k-NN,20,0.5063291139240491
6,38,LDA,20,1.5384615384615385
6,38,k-NN,40,1.0000000000000004
6,38,LDA,40,0.0
6,38,k-NN,80,1.0000000000000004
6,38,LDA,80,0.0
6,38,k-NN,150,1.008403361344536
6,38,LDA,150,0.0
6,39,k-NN,10,1.0000000000000004
6,39,LDA,10,3.076923076923077
6,39,k-NN,20,0.0
6,39,LDA,20,1.025641025641025
6,39,k-NN,40,0.0
6,39,LDA,40,1.5384615384615385
6,39,k-NN,80,16.666666666666664
6,39,LDA,80,3.076923076923077
6,39,k-NN,150,16.666666666666664
6,39,LDA,150,1.025641025641025
6,40,k-NN,10,29.323308270676694
6,40,LDA,10,6.666666666666665
6,40,k-NN,20,29.21348314606742
6,40,LDA,20,9.230769230769232
6,40,k-NN,40,29.1044776119403
6,40,LDA,40,2.564102564102564
6,40,k-NN,80,28.996282527881046
6,40,LDA,80,2.564102564102564
6,40,k-NN,150,28.782287822878228
6,40,LDA,150,11.794871794871794
7,1,k-NN,10,1.9834710743801685
7,1,LDA,10,0.0
7,1,k-NN,20,1.8604651162790697
7,1,LDA,20,2.0512820512820515
7,1,k-NN,40,0.9756097560975601
7,1,LDA,40,0.0
7,1,k-NN,80,16.88311688311688
7,1,LDA,80,1.5384615384615385
7,1,k-NN,150,16.88311688311688
7,1,LDA,150,15.897435897435896
7,2,k-NN,10,0.0
7,2,LDA,10,1.025641025641025
7,2,k-NN,20,0.0
7,2,LDA,20,0.0
7,2,k-NN,40,0.0
7,2,LDA,40,0.0
7,2,k-NN,80,0.0
7,2,LDA,80,0.0
7,2,k-NN,150,0.0
7,2,LDA,150,0.0
7,3,k-NN,10,29.885057471264364
7,3,LDA,10,28.205128205128204
7,3,k-NN,20,17.410714285714285
7,3,LDA,20,2.0512820512820515
7,3,k-NN,40,17.333333333333332
7,3,LDA,40,1.025641025641025
7,3,k-NN,80,17.180616740088105
7,3,LDA,80,0.0
7,3,k-NN,150,17.180616740088105
7,3,LDA,150,0.0
7,4,k-NN,10,29.1044776119403
7,4,LDA,10,4.615384615384616
7,4,k-NN,20,1.4814814814814825
7,4,LDA,20,0.5128205128205132
7,4,k-NN,40,0.5000000000000002
7,4,LDA,40,0.0
7,4,k-NN,80,0.0
7,4,LDA,80,0.0
7,4,k-NN,150,0.0
7,4,LDA,150,1.5384615384615385
7,5,k-NN,10,17.105263157894733
7,5,LDA,10,7.179487179487179
7,5,k-NN,20,2.8571428571428577
7,5,LDA,20,4.615384615384616
7,5,k-NN,40,17.105263157894733
7,5,LDA,40,2.0512820512820515
7,5,k-NN,80,2.8571428571428577
7,5,LDA,80,2.564102564102564
7,5,k-NN,150,4.000000000000001
7,5,LDA,150,4.102564102564102
7,6,k-NN,10,0.0
7,6,LDA,10,0.0
7,6,k-NN,20,0.0
7,6,LDA,20,0.0
7,6,k-NN,40,0.0
7,6,LDA,40,0.0
7,6,k-NN,80,0.0
7,6,LDA,80,0.0
7,6,k-NN,150,0.0
7,6,LDA,150,0.0
7,7,k-NN,10,1.0152284263959352
7,7,LDA,10,0.0
7,7,k-NN,20,0.5102040816326506
7,7,LDA,20,0.0
7,7,k-NN,40,0.5102040816326506
7,7,LDA,40,0.0
7,7,k-NN,80,0.5102040816326506
7,7,LDA,80,0.0
7,7,k-NN,150,0.5102040816326506
7,7,LDA,150,0.0
7,8,k-NN,10,0.0
7,8,LDA,10,0.0
7,8,k-NN,20,0.0
7,8,LDA,20,0.0
7,8,k-NN,40,0.0
7,8,LDA,40,0.0
7,8,k-NN,80,0.0
7,8,LDA,80,0.0
7,8,k-NN,150,0.0
7,8,LDA,150,0.0
7,9,k-NN,10,1.5000000000000062
7,9,LDA,10,5.6410256410256405
7,9,k-NN,20,0.9756097560975601
7,9,LDA,20,6.666666666666665
7,9,k-NN,40,0.5000000000000002
7,9,LDA,40,0.5128205128205132
7,9,k-NN,80,0.0
7,9,LDA,80,0.0
7,9,k-NN,150,0.5000000000000002
7,9,LDA,150,0.0
7,10,k-NN,10,16.666666666666664
7,10,LDA,10,5.128205128205128
7,10,k-NN,20,16.666666666666664
7,10,LDA,20,0.0
7,10,k-NN,40,16.666666666666664
7,10,LDA,40,0.0
7,10,k-NN,80,16.666666666666664
7,10,LDA,80,0.0
7,10,k-NN,150,16.666666666666664
7,10,LDA,150,0.0
7,11,k-NN,10,0.0
7,11,LDA,10,2.564102564102564
7,11,k-NN,20,0.0
7,11,LDA,20,0.0
7,11,k-NN,40,0.0
7,11,LDA,40,0.0
7,11,k-NN,80,0.0
7,11,LDA,80,0.0
7,11,k-NN,150,0.0
7,11,LDA,150,0.0
7,12,k-NN,10,0.0
7,12,LDA,10,0.0
7,12,k-NN,20,0.0
7,12,LDA,20,0.0
7,12,k-NN,40,0.0
7,12,LDA,40,0.0
7,12,k-NN,80,0.0
7,12,LDA,80,0.0
7,12,k-NN,150,0.0
7,12,LDA,150,0.0
7,13,k-NN,10,0.0
7,13,LDA,10,1.025641025641025
7,13,k-NN,20,0.0
7,13,LDA,20,0.0
7,13,k-NN,40,0.0
7,13,LDA,40,0.5128205128205132
7,13,k-NN,80,0.0
7,13,LDA,80,1.025641025641025
7,13,k-NN,150,0.0
7,13,LDA,150,1.5384615384615385
7,14,k-NN,10,0.0
7,14,LDA,10,2.0512820512820515
7,14,k-NN,20,0.0
7,14,LDA,20,0.5128205128205132
7,14,k-NN,40,0.0
7,14,LDA,40,0.0
7,14,k-NN,80,0.0
7,14,LDA,80,0.5128205128205132
7,14,k-NN,150,0.0
7,14,LDA,150,0.0
7,15,k-NN,10,0.5128205128205119
7,15,LDA,10,37.94871794871795
7,15,k-NN,20,1.008403361344536
7,15,LDA,20,6.666666666666665
7,15,k-NN,40,0.508474576271188
7,15,LDA,40,1.5384615384615385
7,15,k-NN,80,0.508474576271188
7,15,LDA,80,0.0
7,15,k-NN,150,0.508474576271188
7,15,LDA,150,0.0
7,16,k-NN,10,16.95652173913043
7,16,LDA,10,1.025641025641025
7,16,k-NN,20,0.508474576271188
7,16,LDA,20,0.0
7,16,k-NN,40,0.508474576271188
7,16,LDA,40,0.0
7,16,k-NN,80,0.508474576271188
7,16,LDA,80,0.0
7,16,k-NN,150,0.5095541401273884
7,16,LDA,150,1.025641025641025
7,17,k-NN,10,0.9756097560975601
7,17,LDA,10,3.076923076923077
7,17,k-NN,20,0.9756097560975601
7,17,LDA,20,0.5128205128205132
7,17,k-NN,40,0.9756097560975601
7,17,LDA,40,0.0
7,17,k-NN,80,0.5000000000000002
7,17,LDA,80,0.0
7,17,k-NN,150,0.5000000000000002
7,17,LDA,150,0.0
7,18,k-NN,10,1.8604651162790697
7,18,LDA,10,1.5384615384615385
7,18,k-NN,20,2.3255813953488365
7,18,LDA,20,2.564102564102564
7,18,k-NN,40,0.5063291139240491
7,18,LDA,40,0.0
7,18,k-NN,80,0.5063291139240491
7,18,LDA,80,0.0
7,18,k-NN,150,0.5063291139240491
7,18,LDA,150,0.0
7,19,k-NN,10,0.0
7,19,LDA,10,0.0
7,19,k-NN,20,0.0
7,19,LDA,20,1.025641025641025
7,19,k-NN,40,0.0
7,19,LDA,40,0.5128205128205132
7,19,k-NN,80,0.0
7,19,LDA,80,1.5384615384615385
7,19,k-NN,150,0.0
7,19,LDA,150,0.5128205128205132
7,20,k-NN,10,0.5128205128205119
7,20,LDA,10,0.0
7,20,k-NN,20,0.508474576271188
7,20,LDA,20,0.0
7,20,k-NN,40,0.0
7,20,LDA,40,0.0
7,20,k-NN,80,0.0
7,20,LDA,80,0.0
7,20,k-NN,150,0.0
7,20,LDA,150,0.0
7,21,k-NN,10,2.7272727272727266
7,21,LDA,10,17.435897435897434
7,21,k-NN,20,0.0
7,21,LDA,20,0.0
7,21,k-NN,40,0.5000000000000002
7,21,LDA,40,0.0
7,21,k-NN,80,0.5000000000000002
7,21,LDA,80,0.0
7,21,k-NN,150,0.5000000000000002
7,21,LDA,150,0.0
7,22,k-NN,10,0.0
7,22,LDA,10,2.0512820512820515
7,22,k-NN,20,0.0
7,22,LDA,20,1.025641025641025
7,22,k-NN,40,0.0
7,22,LDA,40,0.5128205128205132
7,22,k-NN,80,0.0
7,22,LDA,80,0.5128205128205132
7,22,k-NN,150,0.0
7,22,LDA,150,1.025641025641025
7,23,k-NN,10,2.3255813953488365
7,23,LDA,10,3.076923076923077
7,23,k-NN,20,0.508474576271188
7,23,LDA,20,1.025641025641025
7,23,k-NN,40,0.508474576271188
7,23,LDA,40,0.0
7,23,k-NN,80,0.0
7,23,LDA,80,0.0
7,23,k-NN,150,0.5000000000000002
7,23,LDA,150,0.0
7,24,k-NN,10,16.666666666666664
7,24,LDA,10,6.666666666666665
7,24,k-NN,20,0.0
7,24,LDA,20,0.5128205128205132
7,24,k-NN,40,0.0
7,24,LDA,40,0.5128205128205132
7,24,k-NN,80,0.0
7,24,LDA,80,0.0
7,24,k-NN,150,0.0
7,24,LDA,150,0.5128205128205132
7,25,k-NN,10,1.0169491525423704
7,25,LDA,10,15.384615384615385
7,25,k-NN,20,16.88311688311688
7,25,LDA,20,18.974358974358974
7,25,k-NN,40,16.810344827586203
7,25,LDA,40,6.666666666666665
7,25,k-NN,80,1.4814814814814825
7,25,LDA,80,4.615384615384616
7,25,k-NN,150,1.8604651162790697
7,25,LDA,150,12.82051282051282
7,26,k-NN,10,1.4285714285714275
7,26,LDA,10,4.615384615384616
7,26,k-NN,20,0.0
7,26,LDA,20,0.5128205128205132
7,26,k-NN,40,0.0
7,26,LDA,40,0.0
7,26,k-NN,80,0.0
7,26,LDA,80,0.0
7,26,k-NN,150,0.0
7,26,LDA,150,0.0
7,27,k-NN,10,0.0
7,27,LDA,10,1.025641025641025
7,27,k-NN,20,0.0
7,27,LDA,20,0.5128205128205132
7,27,k-NN,40,0.0
7,27,LDA,40,0.0
7,27,k-NN,80,0.0
7,27,LDA,80,0.0
7,27,k-NN,150,0.0
7,27,LDA,150,0.0
7,28,k-NN,10,16.666666666666664
7,28,LDA,10,4.615384615384616
7,28,k-NN,20,16.88311688311688
7,28,LDA,20,6.666666666666665
7,28,k-NN,40,16.810344827586203
7,28,LDA,40,3.076923076923077
7,28,k-NN,80,16.7381974248927
7,28,LDA,80,0.5128205128205132
7,28,k-NN,150,16.7381974248927
7,28,LDA,150,0.0
7,29,k-NN,10,3.5000000000000018
7,29,LDA,10,6.153846153846154
7,29,k-NN,20,3.387096774193546
7,29,LDA,20,2.564102564102564
7,29,k-NN,40,2.272727272727273
7,29,LDA,40,0.0
7,29,k-NN,80,2.666666666666667
7,29,LDA,80,0.0
7,29,k-NN,150,3.0434782608695645
7,29,LDA,150,0.0
7,30,k-NN,10,0.9756097560975601
7,30,LDA,10,2.564102564102564
7,30,k-NN,20,1.4285714285714275
7,30,LDA,20,3.589743589743589
7,30,k-NN,40,0.0
7,30,LDA,40,3.076923076923077
7,30,k-NN,80,0.0
7,30,LDA,80,1.5384615384615385
7,30,k-NN,150,0.0
7,30,LDA,150,0.0
7,31,k-NN,10,0.0
7,31,LDA,10,1.5384615384615385
7,31,k-NN,20,0.0
7,31,LDA,20,0.5128205128205132
7,31,k-NN,40,0.0
7,31,LDA,40,0.0
7,31,k-NN,80,0.0
7,31,LDA,80,0.0
7,31,k-NN,150,0.0
7,31,LDA,150,0.0
7,32,k-NN,10,0.0
7,32,LDA,10,0.0
7,32,k-NN,20,0.0
7,32,LDA,20,0.0
7,32,k-NN,40,0.0
7,32,LDA,40,0.0
7,32,k-NN,80,0.0
7,32,LDA,80,0.0
7,32,k-NN,150,0.0
7,32,LDA,150,0.0
7,33,k-NN,10,0.5000000000000002
7,33,LDA,10,2.564102564102564
7,33,k-NN,20,0.0
7,33,LDA,20,0.0
7,33,k-NN,40,0.0
7,33,LDA,40,0.0
7,33,k-NN,80,0.5000000000000002
7,33,LDA,80,8.205128205128204
7,33,k-NN,150,0.0
7,33,LDA,150,13.846153846153847
7,34,k-NN,10,0.0
7,34,LDA,10,0.0
7,34,k-NN,20,0.0
7,34,LDA,20,0.0
7,34,k-NN,40,0.0
7,34,LDA,40,0.0
7,34,k-NN,80,0.0
7,34,LDA,80,0.0
7,34,k-NN,150,0.0
7,34,LDA,150,16.666666666666664
7,35,k-NN,10,16.95652173913043
7,35,LDA,10,20.0
7,35,k-NN,20,16.95652173913043
7,35,LDA,20,1.5384615384615385
7,35,k-NN,40,0.5063291139240491
7,35,LDA,40,0.0
7,35,k-NN,80,0.5063291139240491
7,35,LDA,80,0.0
7,35,k-NN,150,0.5063291139240491
7,35,LDA,150,0.0
7,36,k-NN,10,4.09090909090909
7,36,LDA,10,3.076923076923077
7,36,k-NN,20,2.272727272727273
7,36,LDA,20,1.025641025641025
7,36,k-NN,40,1.4285714285714275
7,36,LDA,40,0.0
7,36,k-NN,80,1.4285714285714275
7,36,LDA,80,0.0
7,36,k-NN,150,1.4285714285714275
7,36,LDA,150,0.0
7,37,k-NN,10,0.0
7,37,LDA,10,5.128205128205128
7,37,k-NN,20,0.0
7,37,LDA,20,0.5128205128205132
7,37,k-NN,40,0.0
7,37,LDA,40,0.0
7,37,k-NN,80,0.0
7,37,LDA,80,0.0
7,37,k-NN,150,0.0
7,37,LDA,150,0.0
7,38,k-NN,10,2.0253164556962022
7,38,LDA,10,10.76923076923077
7,38,k-NN,20,2.4390243902439024
7,38,LDA,20,4.102564102564102
7,38,k-NN,40,2.4691358024691357
7,38,LDA,40,4.615384615384616
7,38,k-NN,80,1.975308641975309
7,38,LDA,80,0.5128205128205132
7,38,k-NN,150,1.975308641975309
7,38,LDA,150,0.0
7,39,k-NN,10,1.9834710743801685
7,39,LDA,10,4.102564102564102
7,39,k-NN,20,1.975308641975309
7,39,LDA,20,0.5128205128205132
7,39,k-NN,40,1.4285714285714275
7,39,LDA,40,0.0
7,39,k-NN,80,0.0
7,39,LDA,80,0.0
7,39,k-NN,150,0.0
7,39,LDA,150,0.0
7,40,k-NN,10,29.1044776119403
7,40,LDA,10,15.384615384615385
7,40,k-NN,20,29.1044776119403
7,40,LDA,20,16.923076923076923
7,40,k-NN,40,29.323308270676694
7,40,LDA,40,10.76923076923077
7,40,k-NN,80,29.1044776119403
7,40,LDA,80,3.076923076923077
7,40,k-NN,150,29.1044776119403
7,40,LDA,150,4.102564102564102
8,1,k-NN,10,16.95652173913043
8,1,LDA,10,2.0512820512820515
8,1,k-NN,20,1.975308641975309
8,1,LDA,20,0.0
8,1,k-NN,40,1.975308641975309
8,1,LDA,40,2.0512820512820515
8,1,k-NN,80,16.95652173913043
8,1,LDA,80,2.564102564102564
8,1,k-NN,150,16.95652173913043
8,1,LDA,150,1.5384615384615385
8,2,k-NN,10,0.0
8,2,LDA,10,0.0
8,2,k-NN,20,0.0
8,2,LDA,20,0.0
8,2,k-NN,40,0.0
8,2,LDA,40,0.0
8,2,k-NN,80,0.0
8,2,LDA,80,0.0
8,2,k-NN,150,0.0
8,2,LDA,150,0.0
8,3,k-NN,10,29.65779467680608
8,3,LDA,10,20.0
8,3,k-NN,20,3.8095238095238084
8,3,LDA,20,2.0512820512820515
8,3,k-NN,40,2.380952380952381
8,3,LDA,40,0.0
8,3,k-NN,80,2.380952380952381
8,3,LDA,80,0.0
8,3,k-NN,150,17.030567685589514
8,3,LDA,150,0.0
8,4,k-NN,10,3.111111111111111
8,4,LDA,10,4.102564102564102
8,4,k-NN,20,2.666666666666667
8,4,LDA,20,2.0512820512820515
8,4,k-NN,40,0.0
8,4,LDA,40,0.0
8,4,k-NN,80,0.0
8,4,LDA,80,0.0
8,4,k-NN,150,0.0
8,4,LDA,150,0.0
8,5,k-NN,10,2.4844720496894435
8,5,LDA,10,6.666666666666665
8,5,k-NN,20,1.0126582278480982
8,5,LDA,20,4.102564102564102
8,5,k-NN,40,1.008403361344536
8,5,LDA,40,0.5128205128205132
8,5,k-NN,80,2.409638554216868
8,5,LDA,80,0.0
8,5,k-NN,150,2.272727272727273
8,5,LDA,150,0.0
8,6,k-NN,10,0.0
8,6,LDA,10,0.0
8,6,k-NN,20,0.0
8,6,LDA,20,0.0
8,6,k-NN,40,0.0
8,6,LDA,40,0.0
8,6,k-NN,80,0.0
8,6,LDA,80,0.0
8,6,k-NN,150,0.0
8,6,LDA,150,0.0
8,7,k-NN,10,0.5000000000000002
8,7,LDA,10,0.0
8,7,k-NN,20,0.5102040816326506
8,7,LDA,20,0.5128205128205132
8,7,k-NN,40,0.5102040816326506
8,7,LDA,40,0.0
8,7,k-NN,80,0.5102040816326506
8,7,LDA,80,0.0
8,7,k-NN,150,0.5102040816326506
8,7,LDA,150,0.0
8,8,k-NN,10,0.0
8,8,LDA,10,0.0
8,8,k-NN,20,0.0
8,8,LDA,20,0.0
8,8,k-NN,40,0.0
8,8,LDA,40,0.0
8,8,k-NN,80,0.0
8,8,LDA,80,0.0
8,8,k-NN,150,0.0
8,8,LDA,150,0.0
8,9,k-NN,10,2.380952380952381
8,9,LDA,10,4.615384615384616
8,9,k-NN,20,0.0
8,9,LDA,20,3.076923076923077
8,9,k-NN,40,0.0
8,9,LDA,40,0.5128205128205132
8,9,k-NN,80,0.0
8,9,LDA,80,0.0
8,9,k-NN,150,0.0
8,9,LDA,150,0.0
8,10,k-NN,10,0.0
8,10,LDA,10,0.0
8,10,k-NN,20,0.0
8,10,LDA,20,0.0
8,10,k-NN,40,0.0
8,10,LDA,40,0.0
8,10,k-NN,80,0.0
8,10,LDA,80,0.0
8,10,k-NN,150,0.0
8,10,LDA,150,0.0
8,11,k-NN,10,0.0
8,11,LDA,10,0.0
8,11,k-NN,20,0.0
8,11,LDA,20,0.0
8,11,k-NN,40,0.0
8,11,LDA,40,0.0
8,11,k-NN,80,0.0
8,11,LDA,80,0.0
8,11,k-NN,150,0.0
8,11,LDA,150,0.0
8,12,k-NN,10,0.0
8,12,LDA,10,0.5128205128205132
8,12,k-NN,20,0.0
8,12,LDA,20,0.0
8,12,k-NN,40,0.0
8,12,LDA,40,0.0
8,12,k-NN,80,0.0
8,12,LDA,80,0.0
8,12,k-NN,150,0.0
8,12,LDA,150,0.0
8,13,k-NN,10,0.0
8,13,LDA,10,8.717948717948717
8,13,k-NN,20,0.0
8,13,LDA,20,2.0512820512820515
8,13,k-NN,40,0.0
8,13,LDA,40,0.0
8,13,k-NN,80,0.0
8,13,LDA,80,1.025641025641025
8,13,k-NN,150,0.0
8,13,LDA,150,0.5128205128205132
8,14,k-NN,10,1.4285714285714275
8,14,LDA,10,0.0
8,14,k-NN,20,0.0
8,14,LDA,20,0.0
8,14,k-NN,40,0.0
8,14,LDA,40,0.0
8,14,k-NN,80,0.0
8,14,LDA,80,0.0
8,14,k-NN,150,0.0
8,14,LDA,150,0.0
8,15,k-NN,10,1.008403361344536
8,15,LDA,10,20.0
8,15,k-NN,20,1.5126050420168098
8,15,LDA,20,5.128205128205128
8,15,k-NN,40,0.5128205128205119
8,15,LDA,40,0.0
8,15,k-NN,80,0.508474576271188
8,15,LDA,80,0.0
8,15,k-NN,150,1.4814814814814825
8,15,LDA,150,0.0
8,16,k-NN,10,37.62057877813505
8,16,LDA,10,3.589743589743589
8,16,k-NN,20,28.676470588235293
8,16,LDA,20,1.025641025641025
8,16,k-NN,40,0.5128205128205119
8,16,LDA,40,0.0
8,16,k-NN,80,0.5128205128205119
8,16,LDA,80,0.0
8,16,k-NN,150,0.5128205128205119
8,16,LDA,150,0.0
8,17,k-NN,10,0.0
8,17,LDA,10,7.6923076923076925
8,17,k-NN,20,0.0
8,17,LDA,20,5.6410256410256405
8,17,k-NN,40,0.5063291139240491
8,17,LDA,40,0.0
8,17,k-NN,80,1.0000000000000004
8,17,LDA,80,0.0
8,17,k-NN,150,1.0000000000000004
8,17,LDA,150,0.0
8,18,k-NN,10,1.0000000000000004
8,18,LDA,10,0.0
8,18,k-NN,20,0.5063291139240491
8,18,LDA,20,0.0
8,18,k-NN,40,0.5063291139240491
8,18,LDA,40,0.0
8,18,k-NN,80,0.5000000000000002
8,18,LDA,80,0.0
8,18,k-NN,150,0.0
8,18,LDA,150,0.0
8,19,k-NN,10,0.0
8,19,LDA,10,0.0
8,19,k-NN,20,0.0
8,19,LDA,20,0.0
8,19,k-NN,40,0.0
8,19,LDA,40,0.5128205128205132
8,19,k-NN,80,0.0
8,19,LDA,80,0.0
8,19,k-NN,150,0.0
8,19,LDA,150,0.0
8,20,k-NN,10,16.666666666666664
8,20,LDA,10,0.0
8,20,k-NN,20,0.0
8,20,LDA,20,0.5128205128205132
8,20,k-NN,40,0.0
8,20,LDA,40,0.0
8,20,k-NN,80,0.0
8,20,LDA,80,2.564102564102564
8,20,k-NN,150,0.0
8,20,LDA,150,0.5128205128205132
8,21,k-NN,10,0.0
8,21,LDA,10,3.076923076923077
8,21,k-NN,20,0.0
8,21,LDA,20,0.0
8,21,k-NN,40,0.0
8,21,LDA,40,0.0
8,21,k-NN,80,0.0
8,21,LDA,80,0.0
8,21,k-NN,150,0.0
8,21,LDA,150,0.0
8,22,k-NN,10,0.0
8,22,LDA,10,2.0512820512820515
8,22,k-NN,20,0.0
8,22,LDA,20,0.0
8,22,k-NN,40,0.0
8,22,LDA,40,0.5128205128205132
8,22,k-NN,80,0.0
8,22,LDA,80,1.5384615384615385
8,22,k-NN,150,0.0
8,22,LDA,150,1.5384615384615385
8,23,k-NN,10,28.676470588235293
8,23,LDA,10,9.743589743589745
8,23,k-NN,20,17.25663716814159
8,23,LDA,20,6.153846153846154
8,23,k-NN,40,4.137931034482757
8,23,LDA,40,1.5384615384615385
8,23,k-NN,80,4.137931034482757
8,23,LDA,80,1.025641025641025
8,23,k-NN,150,4.137931034482757
8,23,LDA,150,1.5384615384615385
8,24,k-NN,10,16.666666666666664
8,24,LDA,10,12.307692307692308
8,24,k-NN,20,0.0
8,24,LDA,20,3.076923076923077
8,24,k-NN,40,0.0
8,24,LDA,40,0.5128205128205132
8,24,k-NN,80,1.0000000000000004
8,24,LDA,80,0.0
8,24,k-NN,150,1.0000000000000004
8,24,LDA,150,0.0
8,25,k-NN,10,1.008403361344536
8,25,LDA,10,8.717948717948717
8,25,k-NN,20,1.5126050420168098
8,25,LDA,20,14.871794871794872
8,25,k-NN,40,1.0000000000000004
8,25,LDA,40,1.025641025641025
8,25,k-NN,80,1.5000000000000062
8,25,LDA,80,6.666666666666665
8,25,k-NN,150,2.409638554216868
8,25,LDA,150,0.5128205128205132
8,26,k-NN,10,0.0
8,26,LDA,10,0.5128205128205132
8,26,k-NN,20,0.0
8,26,LDA,20,0.0
8,26,k-NN,40,0.0
8,26,LDA,40,0.0
8,26,k-NN,80,0.0
8,26,LDA,80,0.0
8,26,k-NN,150,0.0
8,26,LDA,150,0.0
8,27,k-NN,10,0.0
8,27,LDA,10,0.0
8,27,k-NN,20,0.0
8,27,LDA,20,0.0
8,27,k-NN,40,0.0
8,27,LDA,40,0.0
8,27,k-NN,80,0.0
8,27,LDA,80,0.0
8,27,k-NN,150,0.0
8,27,LDA,150,0.0
8,28,k-NN,10,16.666666666666664
8,28,LDA,10,6.153846153846154
8,28,k-NN,20,16.810344827586203
8,28,LDA,20,1.025641025641025
8,28,k-NN,40,16.810344827586203
8,28,LDA,40,4.102564102564102
8,28,k-NN,80,16.666666666666664
8,28,LDA,80,1.025641025641025
8,28,k-NN,150,16.810344827586203
8,28,LDA,150,0.5128205128205132
8,29,k-NN,10,4.444444444444448
8,29,LDA,10,7.6923076923076925
8,29,k-NN,20,0.0
8,29,LDA,20,1.025641025641025
8,29,k-NN,40,0.0
8,29,LDA,40,0.0
8,29,k-NN,80,0.0
8,29,LDA,80,0.0
8,29,k-NN,150,1.008403361344536
8,29,LDA,150,0.0
8,30,k-NN,10,0.0
8,30,LDA,10,2.564102564102564
8,30,k-NN,20,1.8604651162790697
8,30,LDA,20,2.564102564102564
8,30,k-NN,40,0.0
8,30,LDA,40,0.0
8,30,k-NN,80,0.0
8,30,LDA,80,0.0
8,30,k-NN,150,0.0
8,30,LDA,150,0.0
8,31,k-NN,10,0.0
8,31,LDA,10,0.0
8,31,k-NN,20,0.0
8,31,LDA,20,1.5384615384615385
8,31,k-NN,40,0.0
8,31,LDA,40,0.5128205128205132
8,31,k-NN,80,0.0
8,31,LDA,80,0.0
8,31,k-NN,150,0.0
8,31,LDA,150,0.0
8,32,k-NN,10,0.0
8,32,LDA,10,0.0
8,32,k-NN,20,0.0
8,32,LDA,20,0.0
8,32,k-NN,40,0.0
8,32,LDA,40,0.0
8,32,k-NN,80,0.0
8,32,LDA,80,3.076923076923077
8,32,k-NN,150,0.0
8,32,LDA,150,17.488789237668158
8,33,k-NN,10,0.0
8,33,LDA,10,7.6923076923076925
8,33,k-NN,20,0.5000000000000002
8,33,LDA,20,9.743589743589745
8,33,k-NN,40,0.0
8,33,LDA,40,0.0
8,33,k-NN,80,0.0
8,33,LDA,80,0.0
8,33,k-NN,150,0.0
8,33,LDA,150,0.5128205128205132
8,34,k-NN,10,0.0
8,34,LDA,10,2.0512820512820515
8,34,k-NN,20,0.0
8,34,LDA,20,0.0
8,34,k-NN,40,0.0
8,34,LDA,40,0.0
8,34,k-NN,80,0.0
8,34,LDA,80,0.0
8,34,k-NN,150,0.0
8,34,LDA,150,0.0
8,35,k-NN,10,38.11074918566775
8,35,LDA,10,46.15384615384615
8,35,k-NN,20,37.86407766990291
8,35,LDA,20,20.0
8,35,k-NN,40,37.62057877813505
8,35,LDA,40,8.205128205128204
8,35,k-NN,80,37.5
8,35,LDA,80,0.5128205128205132
8,35,k-NN,150,37.5
8,35,LDA,150,0.0
8,36,k-NN,10,4.444444444444445
8,36,LDA,10,4.102564102564102
8,36,k-NN,20,2.5
8,36,LDA,20,1.5384615384615385
8,36,k-NN,40,1.9512195121951226
8,36,LDA,40,0.5128205128205132
8,36,k-NN,80,0.9756097560975601
8,36,LDA,80,0.5128205128205132
8,36,k-NN,150,0.5000000000000002
8,36,LDA,150,1.025641025641025
8,37,k-NN,10,50.51813471502591
8,37,LDA,10,14.358974358974358
8,37,k-NN,20,50.3875968992248
8,37,LDA,20,20.0
8,37,k-NN,40,50.3875968992248
8,37,LDA,40,20.0
8,37,k-NN,80,50.3875968992248
8,37,LDA,80,11.794871794871794
8,37,k-NN,150,50.3875968992248
8,37,LDA,150,8.717948717948717
8,38,k-NN,10,3.478260869565217
8,38,LDA,10,7.6923076923076925
8,38,k-NN,20,3.111111111111111
8,38,LDA,20,2.564102564102564
8,38,k-NN,40,2.7272727272727266
8,38,LDA,40,2.564102564102564
8,38,k-NN,80,2.666666666666667
8,38,LDA,80,0.0
8,38,k-NN,150,2.272727272727273
8,38,LDA,150,0.5128205128205132
8,39,k-NN,10,0.5095541401273884
8,39,LDA,10,3.076923076923077
8,39,k-NN,20,0.9756097560975601
8,39,LDA,20,0.0
8,39,k-NN,40,0.0
8,39,LDA,40,0.0
8,39,k-NN,80,0.0
8,39,LDA,80,0.0
8,39,k-NN,150,0.0
8,39,LDA,150,0.0
8,40,k-NN,10,4.285714285714284
8,40,LDA,10,11.794871794871794
8,40,k-NN,20,2.985074626865665
8,40,LDA,20,11.794871794871794
8,40,k-NN,40,3.465346534653472
8,40,LDA,40,4.615384615384616
8,40,k-NN,80,3.940886699507393
8,40,LDA,80,6.666666666666665
8,40,k-NN,150,17.180616740088105
8,40,LDA,150,3.589743589743589
9,1,k-NN,10,0.0
9,1,LDA,10,1.025641025641025
9,1,k-NN,20,16.666666666666664
9,1,LDA,20,5.128205128205128
9,1,k-NN,40,16.666666666666664
9,1,LDA,40,11.794871794871794
9,1,k-NN,80,16.666666666666664
9,1,LDA,80,5.6410256410256405
9,1,k-NN,150,16.666666666666664
9,1,LDA,150,1.025641025641025
9,2,k-NN,10,0.0
9,2,LDA,10,1.025641025641025
9,2,k-NN,20,0.0
9,2,LDA,20,0.0
9,2,k-NN,40,0.0
9,2,LDA,40,0.0
9,2,k-NN,80,0.0
9,2,LDA,80,0.0
9,2,k-NN,150,0.0
9,2,LDA,150,0.0
9,3,k-NN,10,3.442622950819673
9,3,LDA,10,14.358974358974358
9,3,k-NN,20,2.409638554216868
9,3,LDA,20,4.102564102564102
9,3,k-NN,40,0.0
9,3,LDA,40,0.0
9,3,k-NN,80,0.0
9,3,LDA,80,0.0
9,3,k-NN,150,0.0
9,3,LDA,150,0.0
9,4,k-NN,10,2.9268292682926815
9,4,LDA,10,4.102564102564102
9,4,k-NN,20,16.95652173913043
9,4,LDA,20,6.666666666666665
9,4,k-NN,40,0.0
9,4,LDA,40,0.5128205128205132
9,4,k-NN,80,0.0
9,4,LDA,80,0.0
9,4,k-NN,150,1.4285714285714275
9,4,LDA,150,0.0
9,5,k-NN,10,4.363636363636367
9,5,LDA,10,9.230769230769232
9,5,k-NN,20,3.9024390243902403
9,5,LDA,20,2.564102564102564
9,5,k-NN,40,3.926380368098159
9,5,LDA,40,0.0
9,5,k-NN,80,3.8709677419354835
9,5,LDA,80,0.0
9,5,k-NN,150,3.764705882352942
9,5,LDA,150,1.025641025641025
9,6,k-NN,10,0.0
9,6,LDA,10,0.0
9,6,k-NN,20,0.0
9,6,LDA,20,0.0
9,6,k-NN,40,0.0
9,6,LDA,40,0.0
9,6,k-NN,80,0.0
9,6,LDA,80,0.0
9,6,k-NN,150,0.0
9,6,LDA,150,0.0
9,7,k-NN,10,0.5063291139240491
9,7,LDA,10,0.5128205128205132
9,7,k-NN,20,0.5000000000000002
9,7,LDA,20,0.5128205128205132
9,7,k-NN,40,0.0
9,7,LDA,40,0.0
9,7,k-NN,80,0.0
9,7,LDA,80,0.0
9,7,k-NN,150,0.0
9,7,LDA,150,0.0
9,8,k-NN,10,0.0
9,8,LDA,10,0.0
9,8,k-NN,20,0.0
9,8,LDA,20,0.0
9,8,k-NN,40,0.0
9,8,LDA,40,0.0
9,8,k-NN,80,0.0
9,8,LDA,80,0.0
9,8,k-NN,150,0.0
9,8,LDA,150,0.0
9,9,k-NN,10,2.9268292682926815
9,9,LDA,10,7.179487179487179
9,9,k-NN,20,1.0000000000000004
9,9,LDA,20,0.0
9,9,k-NN,40,1.8604651162790697
9,9,LDA,40,1.025641025641025
9,9,k-NN,80,1.4285714285714275
9,9,LDA,80,0.0
9,9,k-NN,150,0.9756097560975601
9,9,LDA,150,0.0
9,10,k-NN,10,16.666666666666664
9,10,LDA,10,3.589743589743589
9,10,k-NN,20,16.666666666666664
9,10,LDA,20,0.5128205128205132
9,10,k-NN,40,16.666666666666664
9,10,LDA,40,0.0
9,10,k-NN,80,16.666666666666664
9,10,LDA,80,0.0
9,10,k-NN,150,16.666666666666664
9,10,LDA,150,0.0
9,11,k-NN,10,0.0
9,11,LDA,10,0.0
9,11,k-NN,20,0.0
9,11,LDA,20,0.0
9,11,k-NN,40,0.0
9,11,LDA,40,0.0
9,11,k-NN,80,0.0
9,11,LDA,80,0.0
9,11,k-NN,150,0.0
9,11,LDA,150,0.0
9,12,k-NN,10,0.0
9,12,LDA,10,1.025641025641025
9,12,k-NN,20,0.0
9,12,LDA,20,0.0
9,12,k-NN,40,0.0
9,12,LDA,40,0.0
9,12,k-NN,80,0.0
9,12,LDA,80,0.0
9,12,k-NN,150,0.0
9,12,LDA,150,0.0
9,13,k-NN,10,0.0
9,13,LDA,10,5.6410256410256405
9,13,k-NN,20,0.0
9,13,LDA,20,1.025641025641025
9,13,k-NN,40,0.0
9,13,LDA,40,0.0
9,13,k-NN,80,0.0
9,13,LDA,80,0.0
9,13,k-NN,150,0.0
9,13,LDA,150,0.0
9,14,k-NN,10,0.0
9,14,LDA,10,0.0
9,14,k-NN,20,0.0
9,14,LDA,20,0.0
9,14,k-NN,40,0.0
9,14,LDA,40,0.0
9,14,k-NN,80,0.0
9,14,LDA,80,0.0
9,14,k-NN,150,0.0
9,14,LDA,150,0.0
9,15,k-NN,10,1.008403361344536
9,15,LDA,10,37.43589743589744
9,15,k-NN,20,1.0169491525423704
9,15,LDA,20,16.923076923076923
9,15,k-NN,40,1.008403361344536
9,15,LDA,40,4.102564102564102
9,15,k-NN,80,1.008403361344536
9,15,LDA,80,0.0
9,15,k-NN,150,1.008403361344536
9,15,LDA,150,0.0
9,16,k-NN,10,28.676470588235293
9,16,LDA,10,9.743589743589745
9,16,k-NN,20,28.676470588235293
9,16,LDA,20,0.5128205128205132
9,16,k-NN,40,0.5128205128205119
9,16,LDA,40,0.0
9,16,k-NN,80,0.5128205128205119
9,16,LDA,80,0.0
9,16,k-NN,150,0.5128205128205119
9,16,LDA,150,0.0
9,17,k-NN,10,0.0
9,17,LDA,10,2.0512820512820515
9,17,k-NN,20,0.5000000000000002
9,17,LDA,20,0.0
9,17,k-NN,40,0.5000000000000002
9,17,LDA,40,0.0
9,17,k-NN,80,0.9756097560975601
9,17,LDA,80,0.0
9,17,k-NN,150,0.9756097560975601
9,17,LDA,150,0.0
9,18,k-NN,10,1.0000000000000004
9,18,LDA,10,1.025641025641025
9,18,k-NN,20,2.4390243902439033
9,18,LDA,20,0.0
9,18,k-NN,40,2.3255813953488365
9,18,LDA,40,0.0
9,18,k-NN,80,0.0
9,18,LDA,80,0.0
9,18,k-NN,150,0.0
9,18,LDA,150,0.0
9,19,k-NN,10,0.0
9,19,LDA,10,2.564102564102564
9,19,k-NN,20,0.5000000000000002
9,19,LDA,20,0.0
9,19,k-NN,40,0.0
9,19,LDA,40,0.0
9,19,k-NN,80,0.0
9,19,LDA,80,0.0
9,19,k-NN,150,0.0
9,19,LDA,150,0.0
9,20,k-NN,10,28.57142857142857
9,20,LDA,10,1.5384615384615385
9,20,k-NN,20,16.666666666666664
9,20,LDA,20,1.025641025641025
9,20,k-NN,40,16.666666666666664
9,20,LDA,40,4.615384615384616
9,20,k-NN,80,16.666666666666664
9,20,LDA,80,0.0
9,20,k-NN,150,16.666666666666664
9,20,LDA,150,1.5384615384615385
9,21,k-NN,10,0.0
9,21,LDA,10,3.589743589743589
9,21,k-NN,20,0.0
9,21,LDA,20,1.025641025641025
9,21,k-NN,40,0.0
9,21,LDA,40,0.0
9,21,k-NN,80,0.0
9,21,LDA,80,0.0
9,21,k-NN,150,0.0
9,21,LDA,150,0.0
9,22,k-NN,10,0.0
9,22,LDA,10,3.076923076923077
9,22,k-NN,20,0.0
9,22,LDA,20,0.0
9,22,k-NN,40,0.0
9,22,LDA,40,2.564102564102564
9,22,k-NN,80,0.0
9,22,LDA,80,2.0512820512820515
9,22,k-NN,150,0.0
9,22,LDA,150,1.025641025641025
9,23,k-NN,10,2.0100502512562803
9,23,LDA,10,18.461538461538463
9,23,k-NN,20,2.4590163934426243
9,23,LDA,20,18.461538461538463
9,23,k-NN,40,2.479338842975208
9,23,LDA,40,8.205128205128204
9,23,k-NN,80,2.4390243902439033
9,23,LDA,80,3.589743589743589
9,23,k-NN,150,2.8915662650602414
9,23,LDA,150,0.0
9,24,k-NN,10,0.0
9,24,LDA,10,0.0
9,24,k-NN,20,0.0
9,24,LDA,20,0.0
9,24,k-NN,40,0.0
9,24,LDA,40,0.0
9,24,k-NN,80,0.0
9,24,LDA,80,0.0
9,24,k-NN,150,0.0
9,24,LDA,150,0.0
9,25,k-NN,10,0.0
9,25,LDA,10,0.0
9,25,k-NN,20,0.0
9,25,LDA,20,0.5128205128205132
9,25,k-NN,40,0.0
9,25,LDA,40,0.0
9,25,k-NN,80,0.0
9,25,LDA,80,0.0
9,25,k-NN,150,0.0
9,25,LDA,150,0.0
9,26,k-NN,10,0.0
9,26,LDA,10,4.615384615384616
9,26,k-NN,20,0.0
9,26,LDA,20,6.666666666666665
9,26,k-NN,40,0.0
9,26,LDA,40,3.076923076923077
9,26,k-NN,80,0.0
9,26,LDA,80,4.102564102564102
9,26,k-NN,150,0.0
9,26,LDA,150,2.564102564102564
9,27,k-NN,10,0.0
9,27,LDA,10,0.0
9,27,k-NN,20,0.0
9,27,LDA,20,0.0
9,27,k-NN,40,0.0
9,27,LDA,40,0.0
9,27,k-NN,80,0.0
9,27,LDA,80,0.0
9,27,k-NN,150,0.0
9,27,LDA,150,0.0
9,28,k-NN,10,1.9834710743801685
9,28,LDA,10,9.230769230769232
9,28,k-NN,20,2.926829268292684
9,28,LDA,20,7.6923076923076925
9,28,k-NN,40,1.9834710743801685
9,28,LDA,40,0.5128205128205132
9,28,k-NN,80,1.5000000000000062
9,28,LDA,80,0.5128205128205132
9,28,k-NN,150,1.008403361344536
9,28,LDA,150,0.0
9,29,k-NN,10,2.0100502512562803
9,29,LDA,10,5.128205128205128
9,29,k-NN,20,0.0
9,29,LDA,20,0.0
9,29,k-NN,40,0.5063291139240491
9,29,LDA,40,0.0
9,29,k-NN,80,0.508474576271188
9,29,LDA,80,0.0
9,29,k-NN,150,0.0
9,29,LDA,150,0.0
9,30,k-NN,10,0.0
9,30,LDA,10,1.5384615384615385
9,30,k-NN,20,0.0
9,30,LDA,20,1.025641025641025
9,30,k-NN,40,0.0
9,30,LDA,40,0.0
9,30,k-NN,80,0.0
9,30,LDA,80,0.0
9,30,k-NN,150,0.0
9,30,LDA,150,0.0
9,31,k-NN,10,0.0
9,31,LDA,10,3.076923076923077
9,31,k-NN,20,0.0
9,31,LDA,20,3.076923076923077
9,31,k-NN,40,0.0
9,31,LDA,40,1.025641025641025
9,31,k-NN,80,0.0
9,31,LDA,80,0.0
9,31,k-NN,150,0.0
9,31,LDA,150,0.0
9,32,k-NN,10,16.7381974248927
9,32,LDA,10,2.564102564102564
9,32,k-NN,20,16.666666666666664
9,32,LDA,20,0.0
9,32,k-NN,40,0.0
9,32,LDA,40,0.0
9,32,k-NN,80,16.666666666666664
9,32,LDA,80,0.0
9,32,k-NN,150,16.666666666666664
9,32,LDA,150,0.0
9,33,k-NN,10,0.9756097560975601
9,33,LDA,10,4.615384615384616
9,33,k-NN,20,0.0
9,33,LDA,20,7.179487179487179
9,33,k-NN,40,0.0
9,33,LDA,40,1.025641025641025
9,33,k-NN,80,0.0
9,33,LDA,80,2.564102564102564
9,33,k-NN,150,0.0
9,33,LDA,150,1.025641025641025
9,34,k-NN,10,0.0
9,34,LDA,10,1.025641025641025
9,34,k-NN,20,0.0
9,34,LDA,20,0.0
9,34,k-NN,40,0.0
9,34,LDA,40,0.0
9,34,k-NN,80,0.0
9,34,LDA,80,0.0
9,34,k-NN,150,0.0
9,34,LDA,150,0.0
9,35,k-NN,10,4.363636363636367
9,35,LDA,10,40.0
9,35,k-NN,20,17.030567685589514
9,35,LDA,20,13.333333333333334
9,35,k-NN,40,16.810344827586203
9,35,LDA,40,5.128205128205128
9,35,k-NN,80,16.88311688311688
9,35,LDA,80,1.5384615384615385
9,35,k-NN,150,16.95652173913043
9,35,LDA,150,1.025641025641025
9,36,k-NN,10,1.008403361344536
9,36,LDA,10,5.128205128205128
9,36,k-NN,20,1.4285714285714275
9,36,LDA,20,3.589743589743589
9,36,k-NN,40,1.0000000000000004
9,36,LDA,40,0.0
9,36,k-NN,80,0.0
9,36,LDA,80,0.0
9,36,k-NN,150,0.0
9,36,LDA,150,0.5128205128205132
9,37,k-NN,10,0.508474576271188
9,37,LDA,10,4.102564102564102
9,37,k-NN,20,1.008403361344536
9,37,LDA,20,0.0
9,37,k-NN,40,1.008403361344536
9,37,LDA,40,1.025641025641025
9,37,k-NN,80,1.008403361344536
9,37,LDA,80,1.025641025641025
9,37,k-NN,150,1.008403361344536
9,37,LDA,150,2.0512820512820515
9,38,k-NN,10,0.9999999999999991
9,38,LDA,10,2.564102564102564
9,38,k-NN,20,1.008403361344536
9,38,LDA,20,2.564102564102564
9,38,k-NN,40,1.0000000000000004
9,38,LDA,40,3.589743589743589
9,38,k-NN,80,0.9756097560975601
9,38,LDA,80,0.0
9,38,k-NN,150,0.9756097560975601
9,38,LDA,150,0.0
9,39,k-NN,10,0.5000000000000002
9,39,LDA,10,2.0512820512820515
9,39,k-NN,20,1.0126582278481011
9,39,LDA,20,0.0
9,39,k-NN,40,0.0
9,39,LDA,40,0.0
9,39,k-NN,80,0.0
9,39,LDA,80,0.5128205128205132
9,39,k-NN,150,0.0
9,39,LDA,150,0.5128205128205132
9,40,k-NN,10,28.782287822878228
9,40,LDA,10,22.05128205128205
9,40,k-NN,20,29.21348314606742
9,40,LDA,20,16.923076923076923
9,40,k-NN,40,29.43396226415095
9,40,LDA,40,13.846153846153847
9,40,k-NN,80,29.65779467680608
9,40,LDA,80,20.0
9,40,k-NN,150,29.65779467680608
9,40,LDA,150,20.0
10,1,k-NN,10,16.666666666666664
10,1,LDA,10,4.102564102564102
10,1,k-NN,20,16.666666666666664
10,1,LDA,20,13.846153846153847
10,1,k-NN,40,28.57142857142857
10,1,LDA,40,20.0
10,1,k-NN,80,16.666666666666664
10,1,LDA,80,20.0
10,1,k-NN,150,16.666666666666664
10,1,LDA,150,20.0
10,2,k-NN,10,0.0
10,2,LDA,10,1.5384615384615385
10,2,k-NN,20,0.0
10,2,LDA,20,0.0
10,2,k-NN,40,0.0
10,2,LDA,40,0.0
10,2,k-NN,80,0.0
10,2,LDA,80,0.0
10,2,k-NN,150,0.0
10,2,LDA,150,0.0
10,3,k-NN,10,4.489795918367346
10,3,LDA,10,9.230769230769232
10,3,k-NN,20,4.166666666666666
10,3,LDA,20,0.0
10,3,k-NN,40,0.508474576271188
10,3,LDA,40,0.0
10,3,k-NN,80,0.508474576271188
10,3,LDA,80,0.0
10,3,k-NN,150,2.666666666666667
10,3,LDA,150,0.0
10,4,k-NN,10,2.9268292682926815
10,4,LDA,10,2.564102564102564
10,4,k-NN,20,2.272727272727273
10,4,LDA,20,2.564102564102564
10,4,k-NN,40,1.8604651162790697
10,4,LDA,40,0.5128205128205132
10,4,k-NN,80,1.4285714285714275
10,4,LDA,80,0.5128205128205132
10,4,k-NN,150,0.0
10,4,LDA,150,0.0
10,5,k-NN,10,16.95652173913043
10,5,LDA,10,5.6410256410256405
10,5,k-NN,20,17.030567685589514
10,5,LDA,20,4.615384615384616
10,5,k-NN,40,17.25663716814159
10,5,LDA,40,4.615384615384616
10,5,k-NN,80,17.25663716814159
10,5,LDA,80,2.564102564102564
10,5,k-NN,150,4.09090909090909
10,5,LDA,150,2.0512820512820515
10,6,k-NN,10,0.0
10,6,LDA,10,0.0
10,6,k-NN,20,0.0
10,6,LDA,20,0.0
10,6,k-NN,40,0.0
10,6,LDA,40,0.0
10,6,k-NN,80,0.0
10,6,LDA,80,0.0
10,6,k-NN,150,0.0
10,6,LDA,150,0.0
10,7,k-NN,10,0.5063291139240491
10,7,LDA,10,0.0
10,7,k-NN,20,0.5000000000000002
10,7,LDA,20,0.5128205128205132
10,7,k-NN,40,0.0
10,7,LDA,40,0.0
10,7,k-NN,80,0.0
10,7,LDA,80,0.0
10,7,k-NN,150,0.0
10,7,LDA,150,0.0
10,8,k-NN,10,0.0
10,8,LDA,10,0.0
10,8,k-NN,20,0.0
10,8,LDA,20,0.0
10,8,k-NN,40,0.0
10,8,LDA,40,0.0
10,8,k-NN,80,0.0
10,8,LDA,80,0.0
10,8,k-NN,150,0.0
10,8,LDA,150,0.0
10,9,k-NN,10,1.975308641975309
10,9,LDA,10,4.615384615384616
10,9,k-NN,20,0.0
10,9,LDA,20,0.5128205128205132
10,9,k-NN,40,0.0
10,9,LDA,40,0.0
10,9,k-NN,80,0.0
10,9,LDA,80,0.0
10,9,k-NN,150,0.0
10,9,LDA,150,0.0
10,10,k-NN,10,16.666666666666664
10,10,LDA,10,5.6410256410256405
10,10,k-NN,20,16.666666666666664
10,10,LDA,20,0.0
10,10,k-NN,40,16.666666666666664
10,10,LDA,40,0.0
10,10,k-NN,80,16.666666666666664
10,10,LDA,80,0.0
10,10,k-NN,150,16.666666666666664
10,10,LDA,150,0.0
10,11,k-NN,10,0.0
10,11,LDA,10,0.0
10,11,k-NN,20,0.0
10,11,LDA,20,0.0
10,11,k-NN,40,0.0
10,11,LDA,40,0.0
10,11,k-NN,80,0.0
10,11,LDA,80,0.0
10,11,k-NN,150,0.0
10,11,LDA,150,0.0
10,12,k-NN,10,0.508474576271188
10,12,LDA,10,0.5128205128205132
10,12,k-NN,20,0.5000000000000002
10,12,LDA,20,0.0
10,12,k-NN,40,0.5128205128205132
10,12,LDA,40,0.0
10,12,k-NN,80,0.5000000000000002
10,12,LDA,80,0.0
10,12,k-NN,150,0.0
10,12,LDA,150,0.0
10,13,k-NN,10,0.0
10,13,LDA,10,0.5128205128205132
10,13,k-NN,20,0.0
10,13,LDA,20,1.025641025641025
10,13,k-NN,40,0.0
10,13,LDA,40,0.0
10,13,k-NN,80,0.0
10,13,LDA,80,0.0
10,13,k-NN,150,0.0
10,13,LDA,150,0.0
10,14,k-NN,10,0.0
10,14,LDA,10,0.0
10,14,k-NN,20,0.0
10,14,LDA,20,0.0
10,14,k-NN,40,0.0
10,14,LDA,40,0.0
10,14,k-NN,80,0.0
10,14,LDA,80,0.0
10,14,k-NN,150,0.0
10,14,LDA,150,0.0
10,15,k-NN,10,2.033898305084746
10,15,LDA,10,25.128205128205128
10,15,k-NN,20,2.0168067226890773
10,15,LDA,20,4.615384615384616
10,15,k-NN,40,1.5126050420168098
10,15,LDA,40,0.0
10,15,k-NN,80,1.0256410256410238
10,15,LDA,80,0.0
10,15,k-NN,150,2.000000000000001
10,15,LDA,150,0.0
10,16,k-NN,10,1.9999999999999982
10,16,LDA,10,5.128205128205128
10,16,k-NN,20,1.5254237288135586
10,16,LDA,20,0.5128205128205132
10,16,k-NN,40,1.5000000000000007
10,16,LDA,40,0.5128205128205132
10,16,k-NN,80,1.4814814814814825
10,16,LDA,80,0.5128205128205132
10,16,k-NN,150,1.4814814814814825
10,16,LDA,150,0.5128205128205132
10,17,k-NN,10,37.5
10,17,LDA,10,10.256410256410255
10,17,k-NN,20,28.57142857142857
10,17,LDA,20,0.5128205128205132
10,17,k-NN,40,37.5
10,17,LDA,40,3.076923076923077
10,17,k-NN,80,16.666666666666664
10,17,LDA,80,12.307692307692308
10,17,k-NN,150,16.666666666666664
10,17,LDA,150,5.6410256410256405
10,18,k-NN,10,1.4285714285714275
10,18,LDA,10,1.5384615384615385
10,18,k-NN,20,0.9756097560975601
10,18,LDA,20,2.0512820512820515
10,18,k-NN,40,0.0
10,18,LDA,40,0.0
10,18,k-NN,80,0.0
10,18,LDA,80,0.0
10,18,k-NN,150,0.0
10,18,LDA,150,0.0
10,19,k-NN,10,0.0
10,19,LDA,10,0.0
10,19,k-NN,20,0.0
10,19,LDA,20,0.0
10,19,k-NN,40,0.0
10,19,LDA,40,0.0
10,19,k-NN,80,0.0
10,19,LDA,80,0.0
10,19,k-NN,150,0.0
10,19,LDA,150,0.0
10,20,k-NN,10,0.0
10,20,LDA,10,5.128205128205128
10,20,k-NN,20,0.0
10,20,LDA,20,0.0
10,20,k-NN,40,0.0
10,20,LDA,40,0.0
10,20,k-NN,80,0.0
10,20,LDA,80,0.0
10,20,k-NN,150,0.0
10,20,LDA,150,0.0
10,21,k-NN,10,3.4042553191489358
10,21,LDA,10,2.564102564102564
10,21,k-NN,20,0.0
10,21,LDA,20,0.5128205128205132
10,21,k-NN,40,0.0
10,21,LDA,40,0.0
10,21,k-NN,80,0.0
10,21,LDA,80,0.0
10,21,k-NN,150,0.0
10,21,LDA,150,0.0
10,22,k-NN,10,0.0
10,22,LDA,10,1.5384615384615385
10,22,k-NN,20,0.0
10,22,LDA,20,0.0
10,22,k-NN,40,0.0
10,22,LDA,40,0.0
10,22,k-NN,80,0.0
10,22,LDA,80,0.0
10,22,k-NN,150,0.0
10,22,LDA,150,0.0
10,23,k-NN,10,28.888888888888893
10,23,LDA,10,5.6410256410256405
10,23,k-NN,20,28.996282527881046
10,23,LDA,20,7.179487179487179
10,23,k-NN,40,28.888888888888893
10,23,LDA,40,4.615384615384616
10,23,k-NN,80,16.88311688311688
10,23,LDA,80,3.076923076923077
10,23,k-NN,150,16.95652173913043
10,23,LDA,150,2.564102564102564
10,24,k-NN,10,0.9999999999999991
10,24,LDA,10,10.256410256410255
10,24,k-NN,20,0.9999999999999991
10,24,LDA,20,11.794871794871794
10,24,k-NN,40,0.9756097560975601
10,24,LDA,40,3.076923076923077
10,24,k-NN,80,0.9756097560975601
10,24,LDA,80,0.0
10,24,k-NN,150,1.0000000000000004
10,24,LDA,150,0.0
10,25,k-NN,10,3.3333333333333326
10,25,LDA,10,8.717948717948717
10,25,k-NN,20,3.749999999999999
10,25,LDA,20,0.5128205128205132
10,25,k-NN,40,0.5063291139240491
10,25,LDA,40,0.0
10,25,k-NN,80,0.0
10,25,LDA,80,0.0
10,25,k-NN,150,0.0
10,25,LDA,150,0.0
10,26,k-NN,10,0.0
10,26,LDA,10,1.5384615384615385
10,26,k-NN,20,0.0
10,26,LDA,20,0.0
10,26,k-NN,40,0.0
10,26,LDA,40,0.0
10,26,k-NN,80,0.0
10,26,LDA,80,0.0
10,26,k-NN,150,0.0
10,26,LDA,150,0.0
10,27,k-NN,10,0.5000000000000002
10,27,LDA,10,0.0
10,27,k-NN,20,0.0
10,27,LDA,20,0.0
10,27,k-NN,40,0.0
10,27,LDA,40,0.0
10,27,k-NN,80,0.0
10,27,LDA,80,0.0
10,27,k-NN,150,0.0
10,27,LDA,150,0.0
10,28,k-NN,10,1.8604651162790697
10,28,LDA,10,4.102564102564102
10,28,k-NN,20,16.95652173913043
10,28,LDA,20,5.128205128205128
10,28,k-NN,40,16.88311688311688
10,28,LDA,40,9.230769230769232
10,28,k-NN,80,16.88311688311688
10,28,LDA,80,5.128205128205128
10,28,k-NN,150,16.88311688311688
10,28,LDA,150,2.564102564102564
10,29,k-NN,10,3.5555555555555562
10,29,LDA,10,3.076923076923077
10,29,k-NN,20,1.0000000000000004
10,29,LDA,20,0.0
10,29,k-NN,40,0.0
10,29,LDA,40,0.0
10,29,k-NN,80,0.0
10,29,LDA,80,0.0
10,29,k-NN,150,0.0
10,29,LDA,150,0.0
10,30,k-NN,10,0.0
10,30,LDA,10,0.5128205128205132
10,30,k-NN,20,0.0
10,30,LDA,20,2.0512820512820515
10,30,k-NN,40,0.0
10,30,LDA,40,0.0
10,30,k-NN,80,0.0
10,30,LDA,80,0.0
10,30,k-NN,150,0.5000000000000002
10,30,LDA,150,0.0
10,31,k-NN,10,0.0
10,31,LDA,10,1.025641025641025
10,31,k-NN,20,0.0
10,31,LDA,20,2.564102564102564
10,31,k-NN,40,0.0
10,31,LDA,40,0.5128205128205132
10,31,k-NN,80,0.0
10,31,LDA,80,0.0
10,31,k-NN,150,0.0
10,31,LDA,150,0.0
10,32,k-NN,10,0.0
10,32,LDA,10,0.0
10,32,k-NN,20,0.0
10,32,LDA,20,0.0
10,32,k-NN,40,0.0
10,32,LDA,40,0.0
10,32,k-NN,80,0.0
10,32,LDA,80,0.0
10,32,k-NN,150,0.0
10,32,LDA,150,0.0
10,33,k-NN,10,0.0
10,33,LDA,10,0.5128205128205132
10,33,k-NN,20,0.0
10,33,LDA,20,0.0
10,33,k-NN,40,0.0
10,33,LDA,40,0.0
10,33,k-NN,80,0.0
10,33,LDA,80,1.025641025641025
10,33,k-NN,150,0.0
10,33,LDA,150,3.589743589743589
10,34,k-NN,10,0.0
10,34,LDA,10,0.0
10,34,k-NN,20,0.0
10,34,LDA,20,0.0
10,34,k-NN,40,0.0
10,34,LDA,40,0.0
10,34,k-NN,80,0.0
10,34,LDA,80,0.0
10,34,k-NN,150,0.0
10,34,LDA,150,0.0
10,35,k-NN,10,29.21348314606742
10,35,LDA,10,20.0
10,35,k-NN,20,29.1044776119403
10,35,LDA,20,20.0
10,35,k-NN,40,16.7381974248927
10,35,LDA,40,1.5384615384615385
10,35,k-NN,80,16.7381974248927
10,35,LDA,80,0.0
10,35,k-NN,150,16.7381974248927
10,35,LDA,150,1.025641025641025
10,36,k-NN,10,17.180616740088105
10,36,LDA,10,2.564102564102564
10,36,k-NN,20,28.888888888888893
10,36,LDA,20,0.5128205128205132
10,36,k-NN,40,16.88311688311688
10,36,LDA,40,0.0
10,36,k-NN,80,16.88311688311688
10,36,LDA,80,0.5128205128205132
10,36,k-NN,150,16.88311688311688
10,36,LDA,150,0.5128205128205132
10,37,k-NN,10,1.9834710743801685
10,37,LDA,10,5.128205128205128
10,37,k-NN,20,0.0
10,37,LDA,20,0.0
10,37,k-NN,40,0.508474576271188
10,37,LDA,40,0.0
10,37,k-NN,80,0.0
10,37,LDA,80,0.5128205128205132
10,37,k-NN,150,0.0
10,37,LDA,150,1.5384615384615385
10,38,k-NN,10,0.0
10,38,LDA,10,9.743589743589745
10,38,k-NN,20,0.0
10,38,LDA,20,0.5128205128205132
10,38,k-NN,40,0.0
10,38,LDA,40,0.5128205128205132
10,38,k-NN,80,0.0
10,38,LDA,80,0.0
10,38,k-NN,150,0.0
10,38,LDA,150,0.0
10,39,k-NN,10,1.8604651162790697
10,39,LDA,10,4.102564102564102
10,39,k-NN,20,1.8604651162790697
10,39,LDA,20,2.564102564102564
10,39,k-NN,40,0.9756097560975601
10,39,LDA,40,0.0
10,39,k-NN,80,0.0
10,39,LDA,80,0.0
10,39,k-NN,150,0.0
10,39,LDA,150,0.0
10,40,k-NN,10,2.9813664596273255
10,40,LDA,10,6.666666666666665
10,40,k-NN,20,2.9813664596273255
10,40,LDA,20,5.6410256410256405
10,40,k-NN,40,2.926829268292684
10,40,LDA,40,3.076923076923077
10,40,k-NN,80,2.926829268292684
10,40,LDA,80,1.5384615384615385
10,40,k-NN,150,2.926829268292684
10,40,LDA,150,3.076923076923077
