seed,subject,requested_components,actual_components,explained_variance,explained_variance_pct
1,1,10,10,0.6016178983096275,60.16178983096275
1,1,20,20,0.7100619153891451,71.0061915389145
1,1,40,40,0.8109829736039738,81.09829736039738
1,1,80,80,0.9041450870007469,90.41450870007469
1,1,150,150,0.9769451141003294,97.69451141003293
1,2,10,10,0.6027969864469063,60.279698644690626
1,2,20,20,0.7114235410284271,71.1423541028427
1,2,40,40,0.8126549376106319,81.26549376106318
1,2,80,80,0.9053141160845642,90.53141160845642
1,2,150,150,0.9771428461507878,97.71428461507878
1,3,10,10,0.6025831124360078,60.25831124360078
1,3,20,20,0.7107345777100817,71.07345777100818
1,3,40,40,0.8119455875392518,81.19455875392518
1,3,80,80,0.9046747208127959,90.46747208127958
1,3,150,150,0.9771530240157018,97.71530240157018
1,4,10,10,0.6020156311055387,60.20156311055387
1,4,20,20,0.7105111355252032,71.05111355252032
1,4,40,40,0.811460365593057,81.1460365593057
1,4,80,80,0.9044986017084828,90.44986017084828
1,4,150,150,0.9769928930532294,97.69928930532295
1,5,10,10,0.6019243961325607,60.19243961325606
1,5,20,20,0.7105163705183224,71.05163705183224
1,5,40,40,0.8115646290349646,81.15646290349646
1,5,80,80,0.9045251754099923,90.45251754099924
1,5,150,150,0.9768840320678189,97.6884032067819
1,6,10,10,0.6016928277473187,60.16928277473187
1,6,20,20,0.7104550200898051,71.0455020089805
1,6,40,40,0.8112510541508916,81.12510541508917
1,6,80,80,0.9042922266198943,90.42922266198943
1,6,150,150,0.976849911119611,97.6849911119611
1,7,10,10,0.6040396413796821,60.40396413796822
1,7,20,20,0.7117155080224509,71.1715508022451
1,7,40,40,0.8118920012066093,81.18920012066093
1,7,80,80,0.9045588106988529,90.4558810698853
1,7,150,150,0.9768377762164742,97.68377762164742
1,8,10,10,0.603744175722279,60.3744175722279
1,8,20,20,0.7115802255618491,71.1580225561849
1,8,40,40,0.8118162192269708,81.18162192269708
1,8,80,80,0.9044098948250402,90.44098948250402
1,8,150,150,0.9767107411619484,97.67107411619484
1,9,10,10,0.6043076728045873,60.43076728045873
1,9,20,20,0.7119978128360568,71.19978128360567
1,9,40,40,0.8123001360357879,81.23001360357878
1,9,80,80,0.9047310922405656,90.47310922405656
1,9,150,150,0.9768606274132404,97.68606274132404
1,10,10,10,0.6031071939849356,60.31071939849356
1,10,20,20,0.7108945292562572,71.08945292562572
1,10,40,40,0.811724860200637,81.1724860200637
1,10,80,80,0.9044551384598323,90.44551384598323
1,10,150,150,0.9768159841760103,97.68159841760104
1,11,10,10,0.6030501526305007,60.305015263050066
1,11,20,20,0.7107875993376704,71.07875993376705
1,11,40,40,0.8117292078335603,81.17292078335603
1,11,80,80,0.9044739542371658,90.44739542371659
1,11,150,150,0.9767844982254079,97.67844982254078
1,12,10,10,0.602641777315186,60.2641777315186
1,12,20,20,0.7095768778924946,70.95768778924946
1,12,40,40,0.8109933877452995,81.09933877452995
1,12,80,80,0.9042628681567333,90.42628681567334
1,12,150,150,0.9768752253284956,97.68752253284956
1,13,10,10,0.6023122804204589,60.23122804204589
1,13,20,20,0.709283483006857,70.9283483006857
1,13,40,40,0.8109783879298411,81.0978387929841
1,13,80,80,0.9045230963030072,90.45230963030072
1,13,150,150,0.9769204509033205,97.69204509033204
1,14,10,10,0.6027856296482179,60.27856296482179
1,14,20,20,0.7099716881921814,70.99716881921813
1,14,40,40,0.8118183957355491,81.18183957355491
1,14,80,80,0.9046149217348063,90.46149217348062
1,14,150,150,0.9770003859402117,97.70003859402117
1,15,10,10,0.6023922649563135,60.23922649563135
1,15,20,20,0.7098225948972104,70.98225948972105
1,15,40,40,0.8117025856652015,81.17025856652015
1,15,80,80,0.9050697856342313,90.50697856342313
1,15,150,150,0.9771498199391535,97.71498199391534
1,16,10,10,0.6024304878958375,60.24304878958375
1,16,20,20,0.7099880084855985,70.99880084855985
1,16,40,40,0.8118748114760346,81.18748114760346
1,16,80,80,0.9050365427116994,90.50365427116994
1,16,150,150,0.9770282856314539,97.70282856314539
1,17,10,10,0.602110586791109,60.2110586791109
1,17,20,20,0.7101553471701038,71.01553471701038
1,17,40,40,0.8118251191623947,81.18251191623948
1,17,80,80,0.9051667387896881,90.51667387896882
1,17,150,150,0.9770402952383186,97.70402952383186
1,18,10,10,0.602946898405191,60.2946898405191
1,18,20,20,0.7106134347708479,71.06134347708479
1,18,40,40,0.8120986687630469,81.20986687630469
1,18,80,80,0.9051933935840332,90.51933935840331
1,18,150,150,0.9769614262800045,97.69614262800044
1,19,10,10,0.6030177000139826,60.30177000139826
1,19,20,20,0.7104623763123411,71.0462376312341
1,19,40,40,0.8122873946506615,81.22873946506614
1,19,80,80,0.9053462463279309,90.5346246327931
1,19,150,150,0.977019935744876,97.7019935744876
1,20,10,10,0.6030639132343777,60.30639132343777
1,20,20,20,0.7100516337808588,71.00516337808588
1,20,40,40,0.8117608556340252,81.17608556340252
1,20,80,80,0.9050558421389847,90.50558421389847
1,20,150,150,0.976933763601843,97.6933763601843
1,21,10,10,0.6024669322085568,60.24669322085568
1,21,20,20,0.7089320397788794,70.89320397788794
1,21,40,40,0.8109232448536133,81.09232448536133
1,21,80,80,0.9048015152827666,90.48015152827666
1,21,150,150,0.9770322219565832,97.70322219565833
1,22,10,10,0.6026189143943224,60.26189143943223
1,22,20,20,0.7091981871198694,70.91981871198693
1,22,40,40,0.8109375288883434,81.09375288883433
1,22,80,80,0.9048992746812179,90.48992746812179
1,22,150,150,0.9770605189625613,97.70605189625613
1,23,10,10,0.6050485659097314,60.50485659097314
1,23,20,20,0.7106237985649765,71.06237985649764
1,23,40,40,0.8120592754301843,81.20592754301843
1,23,80,80,0.9050996179717811,90.50996179717811
1,23,150,150,0.9770234116340699,97.702341163407
1,24,10,10,0.6042691149589072,60.42691149589072
1,24,20,20,0.7103035246889429,71.03035246889429
1,24,40,40,0.8116567845081071,81.1656784508107
1,24,80,80,0.9049708027582165,90.49708027582165
1,24,150,150,0.9769988218672119,97.69988218672118
1,25,10,10,0.6040827668765918,60.40827668765918
1,25,20,20,0.7101124651378801,71.01124651378801
1,25,40,40,0.811304268251585,81.1304268251585
1,25,80,80,0.9046959738188074,90.46959738188075
1,25,150,150,0.9768721232489986,97.68721232489986
1,26,10,10,0.6030295650764848,60.302956507648474
1,26,20,20,0.7095535648525431,70.9553564852543
1,26,40,40,0.811129127765315,81.1129127765315
1,26,80,80,0.9045493241177209,90.45493241177209
1,26,150,150,0.9768510779371484,97.68510779371485
1,27,10,10,0.6035863414836085,60.35863414836085
1,27,20,20,0.7102687250383887,71.02687250383887
1,27,40,40,0.8117310588363409,81.1731058836341
1,27,80,80,0.9048419537553158,90.48419537553158
1,27,150,150,0.976952023049078,97.69520230490781
1,28,10,10,0.6045294882143115,60.45294882143115
1,28,20,20,0.7096339863632704,70.96339863632704
1,28,40,40,0.8114344322922313,81.14344322922314
1,28,80,80,0.9047448002106342,90.47448002106341
1,28,150,150,0.9769353919163889,97.69353919163889
1,29,10,10,0.6029047020583164,60.29047020583164
1,29,20,20,0.7087989885690397,70.87989885690396
1,29,40,40,0.8108565972512468,81.08565972512469
1,29,80,80,0.9045675796910824,90.45675796910824
1,29,150,150,0.976997997308465,97.69979973084651
1,30,10,10,0.6024013168653878,60.24013168653878
1,30,20,20,0.7083121352370957,70.83121352370956
1,30,40,40,0.8102751201892089,81.02751201892089
1,30,80,80,0.9040244641357489,90.40244641357489
1,30,150,150,0.9766587579426241,97.66587579426242
1,31,10,10,0.6023995235398879,60.23995235398879
1,31,20,20,0.7083306167774834,70.83306167774835
1,31,40,40,0.8103191847900426,81.03191847900426
1,31,80,80,0.9038750927653452,90.38750927653452
1,31,150,150,0.9766047681489407,97.66047681489407
1,32,10,10,0.600953426733369,60.0953426733369
1,32,20,20,0.7078037742815053,70.78037742815053
1,32,40,40,0.8099300982955293,80.99300982955293
1,32,80,80,0.9035858108153516,90.35858108153516
1,32,150,150,0.9765698872250628,97.65698872250627
1,33,10,10,0.6023489517928636,60.23489517928636
1,33,20,20,0.7098534490874097,70.98534490874097
1,33,40,40,0.8118425596518544,81.18425596518544
1,33,80,80,0.9046058304165433,90.46058304165433
1,33,150,150,0.9766976720215709,97.66976720215709
1,34,10,10,0.6037740115129321,60.377401151293206
1,34,20,20,0.7106367480940025,71.06367480940024
1,34,40,40,0.8125624777937837,81.25624777937837
1,34,80,80,0.9047688028467066,90.47688028467066
1,34,150,150,0.9766768796075763,97.66768796075763
1,35,10,10,0.6026214665505046,60.262146655050465
1,35,20,20,0.7093299301553351,70.93299301553351
1,35,40,40,0.8120982778949556,81.20982778949556
1,35,80,80,0.904634945654188,90.4634945654188
1,35,150,150,0.9767892252226853,97.67892252226854
1,36,10,10,0.6008139343109494,60.081393431094945
1,36,20,20,0.7088949517551532,70.88949517551532
1,36,40,40,0.8117394483140868,81.17394483140869
1,36,80,80,0.904701500272187,90.4701500272187
1,36,150,150,0.9767988097009356,97.67988097009356
1,37,10,10,0.6015437789335591,60.154377893355914
1,37,20,20,0.7097010146374284,70.97010146374284
1,37,40,40,0.812446596026846,81.24465960268459
1,37,80,80,0.9049911010805116,90.49911010805116
1,37,150,150,0.9768284216172755,97.68284216172755
1,38,10,10,0.6006880956404232,60.068809564042326
1,38,20,20,0.7090323757006328,70.90323757006328
1,38,40,40,0.8117662307797997,81.17662307797997
1,38,80,80,0.9046885777880294,90.46885777880294
1,38,150,150,0.9768334780456382,97.68334780456382
1,39,10,10,0.6006487634333222,60.064876343332216
1,39,20,20,0.7085635096020165,70.85635096020165
1,39,40,40,0.811202610933961,81.1202610933961
1,39,80,80,0.9040443455062386,90.40443455062386
1,39,150,150,0.9766086678446881,97.66086678446881
1,40,10,10,0.6002279518053885,60.02279518053884
1,40,20,20,0.7081707232381829,70.81707232381828
1,40,40,40,0.8110609226299739,81.1060922629974
1,40,80,80,0.9037692201412195,90.37692201412196
1,40,150,150,0.9765252316214084,97.65252316214084
2,1,10,10,0.602264926562254,60.2264926562254
2,1,20,20,0.7119799550711307,71.19799550711306
2,1,40,40,0.8129957642351868,81.29957642351869
2,1,80,80,0.9060179639475048,90.60179639475048
2,1,150,150,0.9774097774656587,97.74097774656587
2,2,10,10,0.6019938343271516,60.19938343271516
2,2,20,20,0.7111873193545013,71.11873193545013
2,2,40,40,0.8120967529616988,81.20967529616988
2,2,80,80,0.905147905007736,90.5147905007736
2,2,150,150,0.9771094013276356,97.71094013276355
2,3,10,10,0.6012907697616111,60.12907697616111
2,3,20,20,0.7105223787570814,71.05223787570813
2,3,40,40,0.8114239068188858,81.14239068188857
2,3,80,80,0.904762100123901,90.4762100123901
2,3,150,150,0.9770548246282372,97.70548246282372
2,4,10,10,0.60216996327455,60.216996327455
2,4,20,20,0.7113331509580016,71.13331509580017
2,4,40,40,0.8122905941673391,81.2290594167339
2,4,80,80,0.9052232503453908,90.52232503453908
2,4,150,150,0.9771392002712154,97.71392002712153
2,5,10,10,0.6028542475826624,60.28542475826624
2,5,20,20,0.7113540877453918,71.13540877453917
2,5,40,40,0.8128759644719751,81.2875964471975
2,5,80,80,0.9057479680242858,90.57479680242858
2,5,150,150,0.9774626946370953,97.74626946370954
2,6,10,10,0.6022000728599771,60.22000728599771
2,6,20,20,0.7109019104633283,71.09019104633283
2,6,40,40,0.812625267292679,81.2625267292679
2,6,80,80,0.905747166961453,90.5747166961453
2,6,150,150,0.9774300884144922,97.74300884144922
2,7,10,10,0.6010899742401029,60.10899742401029
2,7,20,20,0.7102722510112659,71.02722510112659
2,7,40,40,0.8120730432898704,81.20730432898704
2,7,80,80,0.9055868736845111,90.5586873684511
2,7,150,150,0.9774061066218747,97.74061066218746
2,8,10,10,0.6026857892056494,60.26857892056494
2,8,20,20,0.7106514762420412,71.06514762420412
2,8,40,40,0.8128794810066312,81.28794810066312
2,8,80,80,0.9059413464132837,90.59413464132837
2,8,150,150,0.9776664119897863,97.76664119897863
2,9,10,10,0.601442130113897,60.1442130113897
2,9,20,20,0.7103006430036386,71.03006430036386
2,9,40,40,0.8119148476439273,81.19148476439273
2,9,80,80,0.9052006259611926,90.52006259611926
2,9,150,150,0.9773622975965615,97.73622975965614
2,10,10,10,0.6032656020123575,60.32656020123574
2,10,20,20,0.7126039484182913,71.26039484182914
2,10,40,40,0.8134910583368442,81.34910583368442
2,10,80,80,0.906027422529483,90.6027422529483
2,10,150,150,0.9775680599743879,97.75680599743879
2,11,10,10,0.6014928623961093,60.14928623961093
2,11,20,20,0.7101720860566476,71.01720860566476
2,11,40,40,0.8122559896970782,81.22559896970782
2,11,80,80,0.9057193577374907,90.57193577374906
2,11,150,150,0.9775565643755673,97.75565643755672
2,12,10,10,0.6014130344101648,60.14130344101648
2,12,20,20,0.7105888800221615,71.05888800221615
2,12,40,40,0.8129290226081853,81.29290226081854
2,12,80,80,0.9059603675186608,90.59603675186608
2,12,150,150,0.9775849445549306,97.75849445549306
2,13,10,10,0.6011041187165723,60.110411871657234
2,13,20,20,0.7109821173314571,71.09821173314572
2,13,40,40,0.813178481988905,81.3178481988905
2,13,80,80,0.9060811307424645,90.60811307424646
2,13,150,150,0.9775910002124288,97.75910002124289
2,14,10,10,0.6007774477632872,60.07774477632872
2,14,20,20,0.7111026840334921,71.11026840334921
2,14,40,40,0.8134169475469583,81.34169475469582
2,14,80,80,0.9064236168457666,90.64236168457666
2,14,150,150,0.9776114947704032,97.76114947704032
2,15,10,10,0.601238961143333,60.1238961143333
2,15,20,20,0.7105551081827358,71.05551081827358
2,15,40,40,0.8129478649891673,81.29478649891672
2,15,80,80,0.9061523267644855,90.61523267644856
2,15,150,150,0.9774307071011308,97.74307071011307
2,16,10,10,0.600309399900415,60.030939990041496
2,16,20,20,0.7095524903486302,70.95524903486302
2,16,40,40,0.8117036518469551,81.17036518469551
2,16,80,80,0.9053885689172916,90.53885689172915
2,16,150,150,0.97739107356304,97.739107356304
2,17,10,10,0.6006430183996668,60.06430183996668
2,17,20,20,0.7093419168816234,70.93419168816234
2,17,40,40,0.8118998028503638,81.18998028503638
2,17,80,80,0.9056986171916295,90.56986171916294
2,17,150,150,0.9773889286492263,97.73889286492263
2,18,10,10,0.6012475304057591,60.124753040575904
2,18,20,20,0.7097901352287469,70.9790135228747
2,18,40,40,0.8119211618180044,81.19211618180044
2,18,80,80,0.9054413211555971,90.5441321155597
2,18,150,150,0.9773084226025188,97.73084226025188
2,19,10,10,0.6002023198562174,60.02023198562174
2,19,20,20,0.7090201949910758,70.90201949910758
2,19,40,40,0.8110235797206522,81.10235797206522
2,19,80,80,0.904772982806747,90.4772982806747
2,19,150,150,0.9769989773603335,97.69989773603335
2,20,10,10,0.6011244846481847,60.11244846481847
2,20,20,20,0.7095260039624852,70.95260039624853
2,20,40,40,0.8118276746705558,81.18276746705558
2,20,80,80,0.9049839346648271,90.49839346648271
2,20,150,150,0.9769066409078114,97.69066409078114
2,21,10,10,0.6011774585798962,60.117745857989625
2,21,20,20,0.7094273805123168,70.94273805123169
2,21,40,40,0.8120821055696994,81.20821055696995
2,21,80,80,0.9052664707541931,90.5266470754193
2,21,150,150,0.9769224721177209,97.69224721177208
2,22,10,10,0.601338687489491,60.133868748949105
2,22,20,20,0.7095820707068553,70.95820707068553
2,22,40,40,0.8121381450585939,81.21381450585939
2,22,80,80,0.9051796561717282,90.51796561717282
2,22,150,150,0.9768752020296907,97.68752020296907
2,23,10,10,0.6007656880476957,60.07656880476957
2,23,20,20,0.7090287301967,70.90287301967
2,23,40,40,0.811572035437334,81.1572035437334
2,23,80,80,0.9049747517639446,90.49747517639446
2,23,150,150,0.9768556210240383,97.68556210240384
2,24,10,10,0.5982297719163202,59.82297719163202
2,24,20,20,0.7080362190246795,70.80362190246795
2,24,40,40,0.8108173481596832,81.08173481596832
2,24,80,80,0.904807694602105,90.4807694602105
2,24,150,150,0.9768706268842193,97.68706268842193
2,25,10,10,0.599579906396642,59.9579906396642
2,25,20,20,0.7089824589162609,70.89824589162609
2,25,40,40,0.8115047594365483,81.15047594365483
2,25,80,80,0.9054683100155436,90.54683100155437
2,25,150,150,0.9770035985447216,97.70035985447217
2,26,10,10,0.5999677294279417,59.99677294279417
2,26,20,20,0.7087670366084423,70.87670366084423
2,26,40,40,0.8116168162940746,81.16168162940745
2,26,80,80,0.905551565977884,90.5551565977884
2,26,150,150,0.9771382953787138,97.71382953787138
2,27,10,10,0.599749287478868,59.9749287478868
2,27,20,20,0.7085654966688437,70.85654966688438
2,27,40,40,0.8110522788676234,81.10522788676235
2,27,80,80,0.9049484944176508,90.49484944176508
2,27,150,150,0.9769984015701244,97.69984015701245
2,28,10,10,0.6014274133707342,60.142741337073424
2,28,20,20,0.7096992948407236,70.96992948407235
2,28,40,40,0.8119610995088669,81.19610995088668
2,28,80,80,0.905762925823363,90.57629258233631
2,28,150,150,0.9771457041271623,97.71457041271623
2,29,10,10,0.5970547375344428,59.70547375344428
2,29,20,20,0.7060345438501411,70.6034543850141
2,29,40,40,0.8096792623742803,80.96792623742803
2,29,80,80,0.9042880591902338,90.42880591902338
2,29,150,150,0.9768561378360839,97.68561378360839
2,30,10,10,0.5976318572229861,59.76318572229861
2,30,20,20,0.7068240876603232,70.68240876603232
2,30,40,40,0.8101154303159921,81.0115430315992
2,30,80,80,0.9045691289231146,90.45691289231146
2,30,150,150,0.9769315288124034,97.69315288124034
2,31,10,10,0.5986325386047391,59.86325386047391
2,31,20,20,0.7069887271814289,70.6988727181429
2,31,40,40,0.8105436589995645,81.05436589995645
2,31,80,80,0.9047778534650948,90.47778534650948
2,31,150,150,0.9769728363698177,97.69728363698177
2,32,10,10,0.599026710213392,59.9026710213392
2,32,20,20,0.7074278425228917,70.74278425228917
2,32,40,40,0.8104571325064951,81.04571325064951
2,32,80,80,0.9046477138244677,90.46477138244677
2,32,150,150,0.9769561709237647,97.69561709237648
2,33,10,10,0.5989693451013626,59.896934510136255
2,33,20,20,0.7075207849481208,70.75207849481208
2,33,40,40,0.810521717275573,81.0521717275573
2,33,80,80,0.9045762823482836,90.45762823482836
2,33,150,150,0.9769642814510264,97.69642814510264
2,34,10,10,0.5983631482669337,59.83631482669337
2,34,20,20,0.7076334958938075,70.76334958938075
2,34,40,40,0.8105891368811189,81.05891368811189
2,34,80,80,0.9048413099056614,90.48413099056614
2,34,150,150,0.9771288791993131,97.71288791993132
2,35,10,10,0.5974016008456838,59.74016008456838
2,35,20,20,0.7069814768719098,70.69814768719098
2,35,40,40,0.8106992834910903,81.06992834910903
2,35,80,80,0.9048567193583299,90.48567193583298
2,35,150,150,0.9770467206056079,97.7046720605608
2,36,10,10,0.5976806119435498,59.768061194354985
2,36,20,20,0.7072318380430528,70.72318380430528
2,36,40,40,0.8109841145034496,81.09841145034497
2,36,80,80,0.9049406900762984,90.49406900762985
2,36,150,150,0.9770816292395874,97.70816292395874
2,37,10,10,0.5963993060242438,59.639930602424386
2,37,20,20,0.706646925413845,70.6646925413845
2,37,40,40,0.8107080002320576,81.07080002320576
2,37,80,80,0.9047774448115964,90.47774448115963
2,37,150,150,0.9770454509131008,97.70454509131008
2,38,10,10,0.5975644587525314,59.75644587525314
2,38,20,20,0.7068127348769035,70.68127348769036
2,38,40,40,0.8108162956446985,81.08162956446985
2,38,80,80,0.9051504908841222,90.51504908841223
2,38,150,150,0.9771716066614989,97.7171606661499
2,39,10,10,0.5971935968983025,59.719359689830256
2,39,20,20,0.7061620397090781,70.6162039709078
2,39,40,40,0.8103704996229758,81.03704996229759
2,39,80,80,0.904776658785482,90.4776658785482
2,39,150,150,0.9769479937255834,97.69479937255834
2,40,10,10,0.5964946299648806,59.649462996488055
2,40,20,20,0.705385610430697,70.5385610430697
2,40,40,40,0.8099268311528821,80.99268311528822
2,40,80,80,0.9044710957772155,90.44710957772155
2,40,150,150,0.9768995786140096,97.68995786140096
3,1,10,10,0.60092011207483,60.092011207483
3,1,20,20,0.7104469745570494,71.04469745570495
3,1,40,40,0.8127006679682721,81.27006679682721
3,1,80,80,0.904985473228953,90.49854732289529
3,1,150,150,0.9772299248235105,97.72299248235105
3,2,10,10,0.6008231466516362,60.082314665163615
3,2,20,20,0.7103356598905703,71.03356598905704
3,2,40,40,0.812403620645344,81.2403620645344
3,2,80,80,0.9045158082299087,90.45158082299088
3,2,150,150,0.977035534269948,97.7035534269948
3,3,10,10,0.6002762165634464,60.02762165634464
3,3,20,20,0.7098598702735308,70.98598702735308
3,3,40,40,0.8119611423216886,81.19611423216885
3,3,80,80,0.9041841222362541,90.41841222362541
3,3,150,150,0.9771196409310887,97.71196409310888
3,4,10,10,0.5998819908221369,59.98819908221369
3,4,20,20,0.709302328035597,70.9302328035597
3,4,40,40,0.8106100722441424,81.06100722441424
3,4,80,80,0.9035625783339494,90.35625783339493
3,4,150,150,0.9767451102824267,97.67451102824268
3,5,10,10,0.600225002667593,60.0225002667593
3,5,20,20,0.7088741020362366,70.88741020362366
3,5,40,40,0.8112278033712068,81.12278033712069
3,5,80,80,0.9041343041364256,90.41343041364256
3,5,150,150,0.9769765224477429,97.69765224477429
3,6,10,10,0.5978408399842405,59.78408399842405
3,6,20,20,0.7077291211374024,70.77291211374023
3,6,40,40,0.8107251217456579,81.07251217456579
3,6,80,80,0.9038208008034161,90.38208008034161
3,6,150,150,0.9769530010298921,97.69530010298921
3,7,10,10,0.5971323053416936,59.71323053416936
3,7,20,20,0.7071022471093075,70.71022471093075
3,7,40,40,0.8099509455471459,80.99509455471458
3,7,80,80,0.9033810264299955,90.33810264299956
3,7,150,150,0.9768501196888404,97.68501196888404
3,8,10,10,0.5971323053416937,59.71323053416937
3,8,20,20,0.7071022471093076,70.71022471093076
3,8,40,40,0.8099509455471459,80.99509455471458
3,8,80,80,0.9033810264299955,90.33810264299956
3,8,150,150,0.9768501196888402,97.68501196888401
3,9,10,10,0.5967580738580057,59.675807385800574
3,9,20,20,0.706688698463801,70.6688698463801
3,9,40,40,0.8093068191809109,80.93068191809108
3,9,80,80,0.9030343310316506,90.30343310316506
3,9,150,150,0.9766634581875853,97.66634581875853
3,10,10,10,0.5974736646021284,59.74736646021284
3,10,20,20,0.7066389247079864,70.66389247079864
3,10,40,40,0.8091906564976113,80.91906564976114
3,10,80,80,0.9029148409975902,90.29148409975902
3,10,150,150,0.9765703200639541,97.65703200639541
3,11,10,10,0.5966591552759914,59.66591552759915
3,11,20,20,0.7060870627133327,70.60870627133326
3,11,40,40,0.8083913384847887,80.83913384847887
3,11,80,80,0.902574812278105,90.2574812278105
3,11,150,150,0.9765558383480535,97.65558383480536
3,12,10,10,0.5971653086986899,59.71653086986899
3,12,20,20,0.7062434736785708,70.62434736785707
3,12,40,40,0.8085710927938743,80.85710927938743
3,12,80,80,0.9027929400676555,90.27929400676555
3,12,150,150,0.9765127979736592,97.65127979736592
3,13,10,10,0.5962642745395634,59.626427453956346
3,13,20,20,0.705794745353165,70.5794745353165
3,13,40,40,0.808381642344487,80.8381642344487
3,13,80,80,0.9026826999690843,90.26826999690843
3,13,150,150,0.9765121351566741,97.65121351566741
3,14,10,10,0.5962157775945395,59.62157775945395
3,14,20,20,0.705790611381074,70.5790611381074
3,14,40,40,0.8083920996834848,80.83920996834848
3,14,80,80,0.9027923095775704,90.27923095775704
3,14,150,150,0.976470804132987,97.64708041329871
3,15,10,10,0.5962490695912008,59.62490695912008
3,15,20,20,0.705364486320903,70.5364486320903
3,15,40,40,0.8077330618729084,80.77330618729084
3,15,80,80,0.9021211932738306,90.21211932738305
3,15,150,150,0.9763278678612494,97.63278678612494
3,16,10,10,0.5958177412838712,59.581774128387124
3,16,20,20,0.7053464996955097,70.53464996955097
3,16,40,40,0.8078242033516376,80.78242033516376
3,16,80,80,0.9021668591989562,90.21668591989562
3,16,150,150,0.9763456327802091,97.63456327802092
3,17,10,10,0.5944360858167017,59.44360858167017
3,17,20,20,0.7036188597716874,70.36188597716874
3,17,40,40,0.8065337300400711,80.65337300400711
3,17,80,80,0.9014972477855396,90.14972477855396
3,17,150,150,0.976265386354228,97.6265386354228
3,18,10,10,0.5946913873999001,59.469138739990015
3,18,20,20,0.7035127412039929,70.35127412039928
3,18,40,40,0.8065614400784915,80.65614400784915
3,18,80,80,0.9017517461124933,90.17517461124933
3,18,150,150,0.9765396666134648,97.65396666134649
3,19,10,10,0.5946697902313692,59.46697902313692
3,19,20,20,0.7035016044050607,70.35016044050607
3,19,40,40,0.8065559383589268,80.65559383589267
3,19,80,80,0.9017208470130735,90.17208470130736
3,19,150,150,0.9764374259516206,97.64374259516207
3,20,10,10,0.5954973742721587,59.54973742721587
3,20,20,20,0.7038113801251817,70.38113801251818
3,20,40,40,0.8062805113245798,80.62805113245798
3,20,80,80,0.9013057624363265,90.13057624363266
3,20,150,150,0.9762772241167654,97.62772241167654
3,21,10,10,0.595862353928553,59.5862353928553
3,21,20,20,0.7044373985359681,70.44373985359681
3,21,40,40,0.8066744568974508,80.66744568974508
3,21,80,80,0.9017988232697728,90.17988232697728
3,21,150,150,0.9762844395420406,97.62844395420406
3,22,10,10,0.5956306349724844,59.563063497248436
3,22,20,20,0.7042838984044242,70.42838984044242
3,22,40,40,0.8069085235811488,80.69085235811488
3,22,80,80,0.9020024061749079,90.20024061749079
3,22,150,150,0.9763403206554486,97.63403206554486
3,23,10,10,0.5960481241989904,59.60481241989905
3,23,20,20,0.7049877987133045,70.49877987133046
3,23,40,40,0.8076151940214888,80.76151940214888
3,23,80,80,0.9024103001383107,90.24103001383106
3,23,150,150,0.9765068623129339,97.65068623129339
3,24,10,10,0.593749966712372,59.3749966712372
3,24,20,20,0.7036098680896931,70.3609868089693
3,24,40,40,0.8066383668933985,80.66383668933985
3,24,80,80,0.9019330065930453,90.19330065930453
3,24,150,150,0.9762217173179711,97.62217173179711
3,25,10,10,0.5940816271165964,59.40816271165964
3,25,20,20,0.7040733554063936,70.40733554063937
3,25,40,40,0.806926532561276,80.6926532561276
3,25,80,80,0.9022374951920518,90.22374951920517
3,25,150,150,0.9763363852870074,97.63363852870074
3,26,10,10,0.5939463790690271,59.394637906902716
3,26,20,20,0.70356765607518,70.356765607518
3,26,40,40,0.8064521132155863,80.64521132155863
3,26,80,80,0.9019571378897495,90.19571378897496
3,26,150,150,0.9762020564589209,97.62020564589209
3,27,10,10,0.5947001890952079,59.470018909520796
3,27,20,20,0.7042672599308387,70.42672599308388
3,27,40,40,0.8066164302889165,80.66164302889165
3,27,80,80,0.9020488380007092,90.20488380007092
3,27,150,150,0.9762703208399356,97.62703208399356
3,28,10,10,0.5960791106812173,59.60791106812173
3,28,20,20,0.7045541112481304,70.45541112481304
3,28,40,40,0.8074645756375711,80.74645756375712
3,28,80,80,0.902635806845546,90.2635806845546
3,28,150,150,0.9762726812192892,97.62726812192892
3,29,10,10,0.5964394690364344,59.64394690364344
3,29,20,20,0.7052901015345687,70.52901015345687
3,29,40,40,0.8079156353549675,80.79156353549675
3,29,80,80,0.9030845423059547,90.30845423059547
3,29,150,150,0.9763684192921673,97.63684192921673
3,30,10,10,0.5945732776676457,59.457327766764564
3,30,20,20,0.7039853864733657,70.39853864733658
3,30,40,40,0.8069352209921962,80.69352209921962
3,30,80,80,0.9023840337804889,90.23840337804889
3,30,150,150,0.9761881824997354,97.61881824997354
3,31,10,10,0.5951684209322848,59.51684209322848
3,31,20,20,0.7045697526039666,70.45697526039666
3,31,40,40,0.8073631329067505,80.73631329067506
3,31,80,80,0.9024917717781378,90.24917717781378
3,31,150,150,0.9763545635137458,97.63545635137459
3,32,10,10,0.5952148013708352,59.521480137083515
3,32,20,20,0.7051704162319711,70.5170416231971
3,32,40,40,0.808376569078951,80.8376569078951
3,32,80,80,0.9031126504821757,90.31126504821756
3,32,150,150,0.9764683378147563,97.64683378147564
3,33,10,10,0.5956917067177423,59.56917067177423
3,33,20,20,0.7053868625044779,70.5386862504478
3,33,40,40,0.8086426673436741,80.8642667343674
3,33,80,80,0.9033503595596027,90.33503595596028
3,33,150,150,0.9767517978878612,97.67517978878611
3,34,10,10,0.59584479105062,59.584479105062
3,34,20,20,0.7044130279719301,70.441302797193
3,34,40,40,0.8081725562746949,80.81725562746949
3,34,80,80,0.9034240123361775,90.34240123361775
3,34,150,150,0.9767473673201256,97.67473673201256
3,35,10,10,0.5961393868439165,59.613938684391655
3,35,20,20,0.7039448061735561,70.39448061735561
3,35,40,40,0.808075451666415,80.8075451666415
3,35,80,80,0.9030170045527849,90.30170045527849
3,35,150,150,0.976432042707071,97.6432042707071
3,36,10,10,0.5957415433946,59.574154339459994
3,36,20,20,0.7044784627222156,70.44784627222155
3,36,40,40,0.8083161080500427,80.83161080500427
3,36,80,80,0.9033284161980455,90.33284161980455
3,36,150,150,0.9765299080583855,97.65299080583854
3,37,10,10,0.5962638073103049,59.626380731030494
3,37,20,20,0.7051492068216868,70.51492068216868
3,37,40,40,0.8087732308854432,80.87732308854432
3,37,80,80,0.9032152467358256,90.32152467358256
3,37,150,150,0.9765048719289268,97.65048719289268
3,38,10,10,0.5980054685084744,59.80054685084744
3,38,20,20,0.7064624924529311,70.64624924529312
3,38,40,40,0.8100845845280484,81.00845845280485
3,38,80,80,0.9044249627347698,90.44249627347698
3,38,150,150,0.9768018813250353,97.68018813250353
3,39,10,10,0.6000426165873604,60.004261658736034
3,39,20,20,0.7077006901205344,70.77006901205344
3,39,40,40,0.8105498673650655,81.05498673650655
3,39,80,80,0.9041823844824848,90.41823844824847
3,39,150,150,0.9765890308793798,97.65890308793797
3,40,10,10,0.5994345580114764,59.943455801147635
3,40,20,20,0.7070738164061139,70.70738164061139
3,40,40,40,0.8104152748767762,81.04152748767763
3,40,80,80,0.904270695430964,90.42706954309641
3,40,150,150,0.9766438741050385,97.66438741050385
4,1,10,10,0.6051658893725125,60.51658893725125
4,1,20,20,0.7145981536345217,71.45981536345218
4,1,40,40,0.8150320268484093,81.50320268484093
4,1,80,80,0.9068287515018133,90.68287515018133
4,1,150,150,0.9774475073433875,97.74475073433875
4,2,10,10,0.6058237953330298,60.582379533302976
4,2,20,20,0.7149210459262382,71.49210459262382
4,2,40,40,0.8155055798000583,81.55055798000583
4,2,80,80,0.9071756296445266,90.71756296445265
4,2,150,150,0.9774941973059519,97.74941973059519
4,3,10,10,0.605929368114699,60.5929368114699
4,3,20,20,0.7153516527478678,71.53516527478678
4,3,40,40,0.8156511601968235,81.56511601968235
4,3,80,80,0.9072394368940262,90.72394368940262
4,3,150,150,0.9774565972272837,97.74565972272838
4,4,10,10,0.6054637425424001,60.54637425424001
4,4,20,20,0.7145896787315952,71.45896787315952
4,4,40,40,0.8151401963372998,81.51401963372999
4,4,80,80,0.9069265250495087,90.69265250495087
4,4,150,150,0.9773030077542436,97.73030077542437
4,5,10,10,0.6053320986895625,60.53320986895625
4,5,20,20,0.7147357024618778,71.47357024618778
4,5,40,40,0.8152793634088435,81.52793634088435
4,5,80,80,0.9069466167940599,90.69466167940598
4,5,150,150,0.977272380938555,97.72723809385549
4,6,10,10,0.6051500028918275,60.51500028918275
4,6,20,20,0.7149871976575345,71.49871976575345
4,6,40,40,0.8157220442962172,81.57220442962172
4,6,80,80,0.9073947543049959,90.7394754304996
4,6,150,150,0.9776246637220454,97.76246637220454
4,7,10,10,0.606565306866779,60.656530686677904
4,7,20,20,0.7154040812851075,71.54040812851075
4,7,40,40,0.8154331286297221,81.5433128629722
4,7,80,80,0.9069241238386858,90.69241238386859
4,7,150,150,0.9775093664179537,97.75093664179538
4,8,10,10,0.6068123748674266,60.68123748674266
4,8,20,20,0.7160666118947808,71.60666118947809
4,8,40,40,0.8157559518709834,81.57559518709834
4,8,80,80,0.9072004121272955,90.72004121272956
4,8,150,150,0.9775645142005897,97.75645142005897
4,9,10,10,0.6070413808598567,60.70413808598567
4,9,20,20,0.7162037712633914,71.62037712633914
4,9,40,40,0.8162156588517347,81.62156588517348
4,9,80,80,0.9075049970605837,90.75049970605838
4,9,150,150,0.9777206611423558,97.77206611423559
4,10,10,10,0.6056343141547466,60.56343141547465
4,10,20,20,0.7144495915421453,71.44495915421453
4,10,40,40,0.8150046213984092,81.50046213984092
4,10,80,80,0.9069242942372564,90.69242942372564
4,10,150,150,0.9774279590888262,97.74279590888261
4,11,10,10,0.6059118993518846,60.59118993518846
4,11,20,20,0.715439723211793,71.54397232117931
4,11,40,40,0.8159793573064529,81.59793573064529
4,11,80,80,0.9072550346688755,90.72550346688755
4,11,150,150,0.9774994757290338,97.74994757290338
4,12,10,10,0.6063656290913293,60.63656290913293
4,12,20,20,0.7153558611040005,71.53558611040005
4,12,40,40,0.8155764475078267,81.55764475078267
4,12,80,80,0.9073357299892336,90.73357299892336
4,12,150,150,0.9775716001488437,97.75716001488436
4,13,10,10,0.6069150376263732,60.691503762637325
4,13,20,20,0.71516133307515,71.51613330751499
4,13,40,40,0.8157050240006716,81.57050240006716
4,13,80,80,0.9074751243648704,90.74751243648704
4,13,150,150,0.9775767684065362,97.75767684065362
4,14,10,10,0.6064470324316429,60.64470324316429
4,14,20,20,0.7145545271826036,71.45545271826036
4,14,40,40,0.8149086249406312,81.49086249406312
4,14,80,80,0.9068425049633735,90.68425049633734
4,14,150,150,0.977437515555767,97.7437515555767
4,15,10,10,0.6064634407826874,60.64634407826874
4,15,20,20,0.7148041560180247,71.48041560180248
4,15,40,40,0.8149891266169486,81.49891266169486
4,15,80,80,0.9069673850001044,90.69673850001044
4,15,150,150,0.9774830735602668,97.74830735602667
4,16,10,10,0.6074518752234697,60.74518752234697
4,16,20,20,0.7159791828016382,71.59791828016382
4,16,40,40,0.8162907661225429,81.6290766122543
4,16,80,80,0.9076045397543597,90.76045397543598
4,16,150,150,0.9774750203712469,97.74750203712469
4,17,10,10,0.606500015641546,60.6500015641546
4,17,20,20,0.7151637717561034,71.51637717561033
4,17,40,40,0.8154781297669746,81.54781297669746
4,17,80,80,0.9071405834462107,90.71405834462108
4,17,150,150,0.9777059336516137,97.77059336516137
4,18,10,10,0.6063859808458344,60.63859808458344
4,18,20,20,0.7145458543982023,71.45458543982024
4,18,40,40,0.8148743520989152,81.48743520989153
4,18,80,80,0.9064431648453668,90.64431648453667
4,18,150,150,0.9772214672926486,97.72214672926486
4,19,10,10,0.6068381548106047,60.68381548106046
4,19,20,20,0.7151116483395025,71.51116483395025
4,19,40,40,0.8149861812866129,81.49861812866129
4,19,80,80,0.9065009716448053,90.65009716448053
4,19,150,150,0.9772156066473201,97.72156066473201
4,20,10,10,0.6051176216573897,60.51176216573897
4,20,20,20,0.7143330107135261,71.4333010713526
4,20,40,40,0.8139119064939988,81.39119064939987
4,20,80,80,0.905766038459658,90.57660384596579
4,20,150,150,0.9768460523248806,97.68460523248807
4,21,10,10,0.6050854593972173,60.50854593972173
4,21,20,20,0.7145920503038813,71.45920503038813
4,21,40,40,0.8144541996158218,81.44541996158218
4,21,80,80,0.906168323679165,90.6168323679165
4,21,150,150,0.9769676055204598,97.69676055204599
4,22,10,10,0.6048319362657169,60.48319362657168
4,22,20,20,0.7141117826104008,71.41117826104008
4,22,40,40,0.8141323461915,81.41323461915
4,22,80,80,0.9059118828184392,90.59118828184391
4,22,150,150,0.9768939100485207,97.68939100485207
4,23,10,10,0.6046543308208742,60.465433082087415
4,23,20,20,0.7137910732729819,71.37910732729819
4,23,40,40,0.8135154273703481,81.3515427370348
4,23,80,80,0.905406638468805,90.54066384688049
4,23,150,150,0.9766645687450806,97.66645687450806
4,24,10,10,0.605781773872564,60.5781773872564
4,24,20,20,0.7145421815048008,71.45421815048007
4,24,40,40,0.8134510004773465,81.34510004773465
4,24,80,80,0.9052137372686614,90.52137372686614
4,24,150,150,0.976510691846781,97.6510691846781
4,25,10,10,0.6045396636360374,60.45396636360374
4,25,20,20,0.713667930585418,71.3667930585418
4,25,40,40,0.8129934839368856,81.29934839368856
4,25,80,80,0.90502041243317,90.502041243317
4,25,150,150,0.9765559544815542,97.65559544815542
4,26,10,10,0.603602341924219,60.3602341924219
4,26,20,20,0.713263033562735,71.3263033562735
4,26,40,40,0.8126892370192575,81.26892370192576
4,26,80,80,0.9046651938536635,90.46651938536635
4,26,150,150,0.9763815042289815,97.63815042289815
4,27,10,10,0.603656226300485,60.3656226300485
4,27,20,20,0.7132587170809882,71.32587170809882
4,27,40,40,0.8127359099271266,81.27359099271267
4,27,80,80,0.9048442984958301,90.48442984958301
4,27,150,150,0.9764780428169524,97.64780428169524
4,28,10,10,0.6022689517944588,60.22689517944588
4,28,20,20,0.7108745383129738,71.08745383129738
4,28,40,40,0.8115841847954464,81.15841847954464
4,28,80,80,0.9044724848344555,90.44724848344555
4,28,150,150,0.976410820303659,97.6410820303659
4,29,10,10,0.6039383730484356,60.39383730484356
4,29,20,20,0.7121802116816235,71.21802116816235
4,29,40,40,0.8124387590443213,81.24387590443213
4,29,80,80,0.9046145490099247,90.46145490099246
4,29,150,150,0.9764231465382016,97.64231465382016
4,30,10,10,0.6024246185542859,60.24246185542859
4,30,20,20,0.7110608849569283,71.10608849569283
4,30,40,40,0.8118295722329665,81.18295722329665
4,30,80,80,0.9043563657476592,90.43563657476592
4,30,150,150,0.9763458039366151,97.63458039366151
4,31,10,10,0.6032884136204534,60.32884136204534
4,31,20,20,0.7122169816037673,71.22169816037673
4,31,40,40,0.8126381311679229,81.26381311679229
4,31,80,80,0.9048658296023014,90.48658296023014
4,31,150,150,0.9764666368793512,97.64666368793512
4,32,10,10,0.6040641581360388,60.40641581360388
4,32,20,20,0.7114023395490225,71.14023395490226
4,32,40,40,0.8118431532552008,81.18431532552009
4,32,80,80,0.9043391807713024,90.43391807713024
4,32,150,150,0.9764178880604542,97.64178880604541
4,33,10,10,0.6030583809849333,60.305838098493325
4,33,20,20,0.7117667285373329,71.1766728537333
4,33,40,40,0.812460525429932,81.2460525429932
4,33,80,80,0.9048247157260512,90.48247157260512
4,33,150,150,0.9765438155997055,97.65438155997055
4,34,10,10,0.6023561522064712,60.23561522064712
4,34,20,20,0.711142599850213,71.1142599850213
4,34,40,40,0.8121664829571644,81.21664829571644
4,34,80,80,0.9050204222791602,90.50204222791602
4,34,150,150,0.9768001838839138,97.68001838839137
4,35,10,10,0.6029103936731717,60.29103936731717
4,35,20,20,0.7120453482332867,71.20453482332867
4,35,40,40,0.8128494218023548,81.28494218023548
4,35,80,80,0.9053007239938039,90.53007239938039
4,35,150,150,0.9768315606439055,97.68315606439056
4,36,10,10,0.6031549675409771,60.31549675409771
4,36,20,20,0.711559261340799,71.1559261340799
4,36,40,40,0.8126444059039601,81.26444059039602
4,36,80,80,0.9050278151490825,90.50278151490825
4,36,150,150,0.9767812835086117,97.67812835086117
4,37,10,10,0.6042617907065437,60.42617907065437
4,37,20,20,0.7121374488273073,71.21374488273074
4,37,40,40,0.8132601248308435,81.32601248308436
4,37,80,80,0.9053224910713348,90.53224910713348
4,37,150,150,0.9767972376911432,97.67972376911432
4,38,10,10,0.6040798775094772,60.407987750947726
4,38,20,20,0.7127400032372682,71.27400032372681
4,38,40,40,0.8137535704609774,81.37535704609775
4,38,80,80,0.9057829472058551,90.5782947205855
4,38,150,150,0.9769093734162391,97.69093734162391
4,39,10,10,0.6043803759842326,60.43803759842326
4,39,20,20,0.7126392315920898,71.26392315920897
4,39,40,40,0.8138311388043108,81.38311388043108
4,39,80,80,0.9059752443941544,90.59752443941545
4,39,150,150,0.9769174008682722,97.69174008682722
4,40,10,10,0.604712927164371,60.4712927164371
4,40,20,20,0.712390781790222,71.2390781790222
4,40,40,40,0.8137987115626282,81.37987115626282
4,40,80,80,0.905589909173705,90.5589909173705
4,40,150,150,0.976863395133563,97.6863395133563
5,1,10,10,0.6014104044685343,60.14104044685343
5,1,20,20,0.7087215912893765,70.87215912893765
5,1,40,40,0.811474627830385,81.1474627830385
5,1,80,80,0.9050815922351083,90.50815922351083
5,1,150,150,0.9768888996341715,97.68888996341715
5,2,10,10,0.6015477477467558,60.15477477467558
5,2,20,20,0.7099396680786662,70.99396680786661
5,2,40,40,0.8122007916986193,81.22007916986192
5,2,80,80,0.9054900345174084,90.54900345174084
5,2,150,150,0.9769612289191326,97.69612289191326
5,3,10,10,0.6013412697580587,60.13412697580587
5,3,20,20,0.7096663903595339,70.96663903595339
5,3,40,40,0.8119401739057788,81.19401739057788
5,3,80,80,0.9049626740614662,90.49626740614663
5,3,150,150,0.9768425845482587,97.68425845482587
5,4,10,10,0.6012855074543595,60.12855074543595
5,4,20,20,0.7098388165160057,70.98388165160057
5,4,40,40,0.8114116166344005,81.14116166344006
5,4,80,80,0.9050177358960994,90.50177358960994
5,4,150,150,0.9767979877820908,97.67979877820908
5,5,10,10,0.6010303380203839,60.10303380203838
5,5,20,20,0.7087282344737055,70.87282344737055
5,5,40,40,0.8109878628207168,81.09878628207167
5,5,80,80,0.9044073888036253,90.44073888036253
5,5,150,150,0.976527416908431,97.6527416908431
5,6,10,10,0.6031305766553093,60.313057665530934
5,6,20,20,0.7112401238708848,71.12401238708847
5,6,40,40,0.8131275531667013,81.31275531667012
5,6,80,80,0.9056705407257994,90.56705407257995
5,6,150,150,0.9770453361591297,97.70453361591296
5,7,10,10,0.6005972823827825,60.059728238278254
5,7,20,20,0.7090184997628665,70.90184997628664
5,7,40,40,0.8112390290417903,81.12390290417903
5,7,80,80,0.904489951693472,90.4489951693472
5,7,150,150,0.9769094673740624,97.69094673740624
5,8,10,10,0.6023047363839145,60.230473638391445
5,8,20,20,0.7105222665572212,71.05222665572212
5,8,40,40,0.8122477248373162,81.22477248373163
5,8,80,80,0.90530963159898,90.53096315989801
5,8,150,150,0.977220871782773,97.72208717827729
5,9,10,10,0.6013866841748838,60.13866841748838
5,9,20,20,0.7095982792445401,70.959827924454
5,9,40,40,0.8118154407400924,81.18154407400924
5,9,80,80,0.9048558343473339,90.48558343473339
5,9,150,150,0.9770425659504809,97.7042565950481
5,10,10,10,0.6017731496083719,60.177314960837194
5,10,20,20,0.710078783337988,71.0078783337988
5,10,40,40,0.8119239135521388,81.19239135521387
5,10,80,80,0.9047036331245843,90.47036331245843
5,10,150,150,0.9769755082467362,97.69755082467361
5,11,10,10,0.5988982134180041,59.889821341800406
5,11,20,20,0.7083737473119569,70.8373747311957
5,11,40,40,0.8113967737957181,81.13967737957181
5,11,80,80,0.9046308490790977,90.46308490790977
5,11,150,150,0.9770326315772625,97.70326315772625
5,12,10,10,0.5996168793032094,59.96168793032094
5,12,20,20,0.7091827315193707,70.91827315193707
5,12,40,40,0.8119892443570234,81.19892443570234
5,12,80,80,0.9047805785870564,90.47805785870564
5,12,150,150,0.977008825896287,97.7008825896287
5,13,10,10,0.6003285082013365,60.03285082013365
5,13,20,20,0.7095366634270874,70.95366634270874
5,13,40,40,0.8123674815678206,81.23674815678206
5,13,80,80,0.9049737962859107,90.49737962859106
5,13,150,150,0.976932050480901,97.6932050480901
5,14,10,10,0.5997934808649011,59.97934808649011
5,14,20,20,0.7096624584566553,70.96624584566553
5,14,40,40,0.812322795743733,81.2322795743733
5,14,80,80,0.9051193451450431,90.5119345145043
5,14,150,150,0.9770321486106848,97.70321486106847
5,15,10,10,0.6002038817036148,60.020388170361485
5,15,20,20,0.7106415051770619,71.0641505177062
5,15,40,40,0.8132799516290568,81.32799516290568
5,15,80,80,0.9055102983857313,90.55102983857313
5,15,150,150,0.9771403509648202,97.71403509648202
5,16,10,10,0.6008217993210486,60.082179932104864
5,16,20,20,0.7108347399267593,71.08347399267593
5,16,40,40,0.8136381219969089,81.36381219969088
5,16,80,80,0.905778595299672,90.5778595299672
5,16,150,150,0.9772274703728776,97.72274703728776
5,17,10,10,0.6020592615455207,60.20592615455207
5,17,20,20,0.7125854127602285,71.25854127602284
5,17,40,40,0.8150029562138064,81.50029562138063
5,17,80,80,0.9060846680638808,90.60846680638808
5,17,150,150,0.9769883470856583,97.69883470856583
5,18,10,10,0.602742343057814,60.274234305781405
5,18,20,20,0.7133604242229763,71.33604242229762
5,18,40,40,0.8154797302469722,81.54797302469721
5,18,80,80,0.9065298365610637,90.65298365610637
5,18,150,150,0.9770886078902972,97.70886078902971
5,19,10,10,0.6024941003825521,60.24941003825521
5,19,20,20,0.7125517548698717,71.25517548698717
5,19,40,40,0.8146883949213279,81.46883949213279
5,19,80,80,0.9059643371966919,90.5964337196692
5,19,150,150,0.9768827475378784,97.68827475378784
5,20,10,10,0.6028835644800602,60.28835644800602
5,20,20,20,0.7126998281807679,71.2699828180768
5,20,40,40,0.8142227296117226,81.42227296117225
5,20,80,80,0.9055117566378496,90.55117566378496
5,20,150,150,0.9767643525744768,97.67643525744768
5,21,10,10,0.602664145452993,60.2664145452993
5,21,20,20,0.7130346691957887,71.30346691957887
5,21,40,40,0.8141433391944075,81.41433391944075
5,21,80,80,0.9054654355272047,90.54654355272046
5,21,150,150,0.9767240300937283,97.67240300937283
5,22,10,10,0.6031973689617409,60.31973689617409
5,22,20,20,0.71288726213833,71.288726213833
5,22,40,40,0.8137627807484625,81.37627807484625
5,22,80,80,0.9050805833946656,90.50805833946656
5,22,150,150,0.9766324918948731,97.66324918948732
5,23,10,10,0.6039707465292434,60.397074652924346
5,23,20,20,0.7135225576004559,71.3522557600456
5,23,40,40,0.814487665564127,81.44876655641269
5,23,80,80,0.9055209153053594,90.55209153053593
5,23,150,150,0.9768007433694618,97.68007433694618
5,24,10,10,0.6036143834115488,60.36143834115488
5,24,20,20,0.7134126146068683,71.34126146068684
5,24,40,40,0.8141592339644298,81.41592339644298
5,24,80,80,0.9051071634079488,90.51071634079489
5,24,150,150,0.9766946890383554,97.66946890383554
5,25,10,10,0.6044885513020586,60.44885513020586
5,25,20,20,0.7143745989831122,71.43745989831122
5,25,40,40,0.8149500375832942,81.49500375832942
5,25,80,80,0.9058392944344035,90.58392944344035
5,25,150,150,0.9769476659915697,97.69476659915696
5,26,10,10,0.6038248908092614,60.382489080926135
5,26,20,20,0.7137190819891399,71.37190819891399
5,26,40,40,0.8145838188936247,81.45838188936247
5,26,80,80,0.9056539389880632,90.56539389880632
5,26,150,150,0.9769212710936294,97.69212710936294
5,27,10,10,0.6039260388168964,60.392603881689645
5,27,20,20,0.7134050663923107,71.34050663923107
5,27,40,40,0.8144232689653357,81.44232689653357
5,27,80,80,0.9057097379508335,90.57097379508335
5,27,150,150,0.9769348656307589,97.6934865630759
5,28,10,10,0.6046819588222961,60.468195882229615
5,28,20,20,0.7140952750791825,71.40952750791824
5,28,40,40,0.8150659905367462,81.50659905367462
5,28,80,80,0.9059396119383096,90.59396119383096
5,28,150,150,0.9769627878539231,97.69627878539231
5,29,10,10,0.6030882598738879,60.30882598738879
5,29,20,20,0.7137160850242384,71.37160850242384
5,29,40,40,0.8145058858340313,81.45058858340313
5,29,80,80,0.9058179900409007,90.58179900409007
5,29,150,150,0.9770133680338852,97.70133680338851
5,30,10,10,0.6032727593042208,60.327275930422076
5,30,20,20,0.7137482123914846,71.37482123914846
5,30,40,40,0.8145718363108077,81.45718363108077
5,30,80,80,0.905845882017593,90.5845882017593
5,30,150,150,0.9770635964513853,97.70635964513853
5,31,10,10,0.6033202767232979,60.332027672329794
5,31,20,20,0.7140259637877606,71.40259637877607
5,31,40,40,0.814948778883383,81.49487788833831
5,31,80,80,0.9060291424345167,90.60291424345166
5,31,150,150,0.9770384128851317,97.70384128851317
5,32,10,10,0.6026183789623163,60.261837896231626
5,32,20,20,0.7137837074788904,71.37837074788904
5,32,40,40,0.8147942905001905,81.47942905001905
5,32,80,80,0.9060046434198952,90.60046434198952
5,32,150,150,0.9769465673175205,97.69465673175205
5,33,10,10,0.601311566087376,60.1311566087376
5,33,20,20,0.7128531983278222,71.28531983278222
5,33,40,40,0.813921829208714,81.3921829208714
5,33,80,80,0.905482913215337,90.5482913215337
5,33,150,150,0.9768524914159423,97.68524914159423
5,34,10,10,0.601091100140376,60.109110014037604
5,34,20,20,0.7127859104684188,71.27859104684188
5,34,40,40,0.8144582208396334,81.44582208396334
5,34,80,80,0.9061499878160795,90.61499878160795
5,34,150,150,0.9770335030658538,97.70335030658538
5,35,10,10,0.6027451148866207,60.27451148866207
5,35,20,20,0.7142244350525505,71.42244350525505
5,35,40,40,0.815741203173058,81.5741203173058
5,35,80,80,0.9068410662183051,90.68410662183051
5,35,150,150,0.9771307592313953,97.71307592313953
5,36,10,10,0.601114606419939,60.111460641993894
5,36,20,20,0.7136061399320801,71.360613993208
5,36,40,40,0.8151400549824842,81.51400549824842
5,36,80,80,0.9068125160103238,90.68125160103237
5,36,150,150,0.9771730485728943,97.71730485728943
5,37,10,10,0.6024959001764296,60.24959001764296
5,37,20,20,0.7146578020639076,71.46578020639076
5,37,40,40,0.8155681130111267,81.55681130111267
5,37,80,80,0.9064138366679529,90.64138366679529
5,37,150,150,0.9771721359661475,97.71721359661476
5,38,10,10,0.6034473835512602,60.34473835512601
5,38,20,20,0.7150918605343661,71.50918605343661
5,38,40,40,0.8160314944498321,81.60314944498322
5,38,80,80,0.9065052011316733,90.65052011316733
5,38,150,150,0.9771293637676913,97.71293637676914
5,39,10,10,0.6024241920466401,60.24241920466401
5,39,20,20,0.7147627195548655,71.47627195548655
5,39,40,40,0.8157873786139334,81.57873786139334
5,39,80,80,0.9066405525680441,90.6640552568044
5,39,150,150,0.9772691688000451,97.72691688000451
5,40,10,10,0.6042237838884305,60.42237838884304
5,40,20,20,0.7157773863515915,71.57773863515915
5,40,40,40,0.8165843410642386,81.65843410642385
5,40,80,80,0.9074484787691586,90.74484787691586
5,40,150,150,0.9775573074712505,97.75573074712504
6,1,10,10,0.5982709655096387,59.827096550963866
6,1,20,20,0.7085543944055913,70.85543944055914
6,1,40,40,0.8118103797558253,81.18103797558253
6,1,80,80,0.9048779007233689,90.48779007233689
6,1,150,150,0.9769054803747205,97.69054803747204
6,2,10,10,0.5990129677180048,59.90129677180048
6,2,20,20,0.7094528342463332,70.94528342463332
6,2,40,40,0.8120653670882957,81.20653670882957
6,2,80,80,0.9049052408168043,90.49052408168043
6,2,150,150,0.9769664595958759,97.69664595958758
6,3,10,10,0.5992835364660337,59.92835364660337
6,3,20,20,0.7097965927864414,70.97965927864414
6,3,40,40,0.8125693663886308,81.25693663886308
6,3,80,80,0.9055976087475027,90.55976087475027
6,3,150,150,0.9771984315852094,97.71984315852093
6,4,10,10,0.5986380046872185,59.86380046872185
6,4,20,20,0.7089613939264988,70.89613939264989
6,4,40,40,0.8115354736976852,81.15354736976852
6,4,80,80,0.9050688904462989,90.50688904462989
6,4,150,150,0.9769872125219586,97.69872125219587
6,5,10,10,0.5986566685688268,59.86566685688268
6,5,20,20,0.7089540209152111,70.8954020915211
6,5,40,40,0.8113654163186695,81.13654163186695
6,5,80,80,0.9049756758436702,90.49756758436702
6,5,150,150,0.9770050445291096,97.70050445291096
6,6,10,10,0.5999696072140291,59.996960721402914
6,6,20,20,0.7090821712167994,70.90821712167994
6,6,40,40,0.8116677102194461,81.16677102194461
6,6,80,80,0.9050142951071858,90.50142951071858
6,6,150,150,0.9769680466648775,97.69680466648775
6,7,10,10,0.600380131984581,60.038013198458096
6,7,20,20,0.7101527618230602,71.01527618230602
6,7,40,40,0.8127233996844265,81.27233996844265
6,7,80,80,0.9055573509138004,90.55573509138004
6,7,150,150,0.9770225876304675,97.70225876304674
6,8,10,10,0.600355673233449,60.03556732334489
6,8,20,20,0.7103325518828773,71.03325518828773
6,8,40,40,0.8130793683701754,81.30793683701754
6,8,80,80,0.9058974492660402,90.58974492660403
6,8,150,150,0.9771032452160603,97.71032452160603
6,9,10,10,0.599283340122407,59.928334012240704
6,9,20,20,0.7093933026817584,70.93933026817584
6,9,40,40,0.812162583399328,81.2162583399328
6,9,80,80,0.9052219491944302,90.52219491944302
6,9,150,150,0.9767368004779046,97.67368004779046
6,10,10,10,0.5989796447107574,59.89796447107574
6,10,20,20,0.7098163684750295,70.98163684750295
6,10,40,40,0.8121408548403372,81.21408548403372
6,10,80,80,0.9052219868611364,90.52219868611364
6,10,150,150,0.9768066098728332,97.68066098728332
6,11,10,10,0.5977779040407292,59.77779040407292
6,11,20,20,0.7083677015233978,70.83677015233978
6,11,40,40,0.8115751471244046,81.15751471244046
6,11,80,80,0.9048268878609216,90.48268878609215
6,11,150,150,0.9767993021587669,97.67993021587668
6,12,10,10,0.5984066997696875,59.840669976968755
6,12,20,20,0.708989909428416,70.8989909428416
6,12,40,40,0.8118827348986193,81.18827348986193
6,12,80,80,0.9050200377324136,90.50200377324136
6,12,150,150,0.976758791692726,97.67587916927259
6,13,10,10,0.5977057354762302,59.770573547623016
6,13,20,20,0.709065100226036,70.9065100226036
6,13,40,40,0.8120159835058564,81.20159835058564
6,13,80,80,0.9051771639449584,90.51771639449584
6,13,150,150,0.9769331314848687,97.69331314848687
6,14,10,10,0.597680212620038,59.7680212620038
6,14,20,20,0.708098998696493,70.8098998696493
6,14,40,40,0.8111537392786538,81.11537392786538
6,14,80,80,0.904880447192656,90.4880447192656
6,14,150,150,0.9767698284990459,97.67698284990459
6,15,10,10,0.5978932964308846,59.789329643088465
6,15,20,20,0.7081349450476685,70.81349450476685
6,15,40,40,0.8107768660657984,81.07768660657983
6,15,80,80,0.9043605049085219,90.4360504908522
6,15,150,150,0.976647020976772,97.6647020976772
6,16,10,10,0.5976173591759433,59.76173591759433
6,16,20,20,0.7078116917509906,70.78116917509905
6,16,40,40,0.8101974346172509,81.01974346172508
6,16,80,80,0.9041205911133867,90.41205911133868
6,16,150,150,0.9766071192298205,97.66071192298205
6,17,10,10,0.59772703358805,59.772703358805
6,17,20,20,0.7082131326777029,70.8213132677703
6,17,40,40,0.8106689919920997,81.06689919920997
6,17,80,80,0.9042559106996296,90.42559106996296
6,17,150,150,0.9766006055716804,97.66006055716804
6,18,10,10,0.5978837584630569,59.788375846305684
6,18,20,20,0.7088357855965608,70.88357855965609
6,18,40,40,0.8111678111456008,81.11678111456008
6,18,80,80,0.9046784776459874,90.46784776459874
6,18,150,150,0.9768006929797823,97.68006929797824
6,19,10,10,0.5974118613131195,59.74118613131195
6,19,20,20,0.7081948812640928,70.81948812640928
6,19,40,40,0.810973422110058,81.0973422110058
6,19,80,80,0.9047059004747345,90.47059004747345
6,19,150,150,0.9769158827689005,97.69158827689004
6,20,10,10,0.5977077207581791,59.770772075817916
6,20,20,20,0.7083065893185789,70.8306589318579
6,20,40,40,0.8109074444850752,81.09074444850752
6,20,80,80,0.9047370507544684,90.47370507544684
6,20,150,150,0.9768433919694101,97.68433919694101
6,21,10,10,0.597465659137758,59.7465659137758
6,21,20,20,0.7069953634903158,70.69953634903158
6,21,40,40,0.8100944349099155,81.00944349099154
6,21,80,80,0.9044272224151276,90.44272224151277
6,21,150,150,0.9768563280849959,97.68563280849959
6,22,10,10,0.5977945680404777,59.77945680404777
6,22,20,20,0.7076698817643104,70.76698817643104
6,22,40,40,0.8108962233567636,81.08962233567635
6,22,80,80,0.9049861851478391,90.49861851478391
6,22,150,150,0.9769306106325624,97.69306106325624
6,23,10,10,0.5973418420448555,59.73418420448555
6,23,20,20,0.7072131379518595,70.72131379518595
6,23,40,40,0.8099395965658678,80.99395965658678
6,23,80,80,0.9043631290330579,90.43631290330579
6,23,150,150,0.976882860688944,97.6882860688944
6,24,10,10,0.598000771048457,59.8000771048457
6,24,20,20,0.7077067189147853,70.77067189147853
6,24,40,40,0.8105202608252596,81.05202608252597
6,24,80,80,0.904784008580688,90.4784008580688
6,24,150,150,0.9771836899635753,97.71836899635753
6,25,10,10,0.5968579877602467,59.68579877602467
6,25,20,20,0.7067438642392484,70.67438642392484
6,25,40,40,0.8098890051986034,80.98890051986034
6,25,80,80,0.9042561484272734,90.42561484272734
6,25,150,150,0.9771353829690684,97.71353829690685
6,26,10,10,0.5981266130989823,59.81266130989823
6,26,20,20,0.7073949134362212,70.73949134362212
6,26,40,40,0.8102810716427951,81.0281071642795
6,26,80,80,0.904368239062425,90.43682390624251
6,26,150,150,0.9771390877385887,97.71390877385888
6,27,10,10,0.5979499293733953,59.79499293733953
6,27,20,20,0.7072984623367014,70.72984623367013
6,27,40,40,0.8104887321757308,81.04887321757307
6,27,80,80,0.9046755283306724,90.46755283306724
6,27,150,150,0.9772095960654393,97.72095960654393
6,28,10,10,0.5996339020294622,59.96339020294622
6,28,20,20,0.7086655818950403,70.86655818950402
6,28,40,40,0.811295635916405,81.12956359164049
6,28,80,80,0.9046815225357914,90.46815225357913
6,28,150,150,0.9771750696680774,97.71750696680775
6,29,10,10,0.6008056436499406,60.08056436499406
6,29,20,20,0.7093843835267241,70.9384383526724
6,29,40,40,0.81161402178353,81.161402178353
6,29,80,80,0.9048105726090416,90.48105726090417
6,29,150,150,0.977263702186712,97.72637021867119
6,30,10,10,0.6003278365507715,60.03278365507715
6,30,20,20,0.7089725801008921,70.89725801008922
6,30,40,40,0.8118286319245004,81.18286319245004
6,30,80,80,0.9051613812677064,90.51613812677064
6,30,150,150,0.9774384268059763,97.74384268059762
6,31,10,10,0.5998539959194665,59.98539959194665
6,31,20,20,0.7085348889538239,70.85348889538238
6,31,40,40,0.8112552159874749,81.12552159874748
6,31,80,80,0.9048947292537207,90.48947292537207
6,31,150,150,0.9773188599072865,97.73188599072866
6,32,10,10,0.5995320426459032,59.95320426459032
6,32,20,20,0.7084370584061765,70.84370584061766
6,32,40,40,0.810997108939308,81.0997108939308
6,32,80,80,0.9042958347355365,90.42958347355365
6,32,150,150,0.9773009292111374,97.73009292111374
6,33,10,10,0.6009049327730358,60.09049327730358
6,33,20,20,0.7091468842879874,70.91468842879874
6,33,40,40,0.8107856907933182,81.07856907933181
6,33,80,80,0.9043885305548292,90.43885305548291
6,33,150,150,0.9772031100171643,97.72031100171642
6,34,10,10,0.6000968674300121,60.00968674300121
6,34,20,20,0.7076781172287384,70.76781172287384
6,34,40,40,0.8095445932629182,80.95445932629181
6,34,80,80,0.9037658740754275,90.37658740754276
6,34,150,150,0.9771396665379758,97.71396665379758
6,35,10,10,0.5993159516320087,59.93159516320087
6,35,20,20,0.7075118274237029,70.75118274237029
6,35,40,40,0.8097153412305834,80.97153412305835
6,35,80,80,0.9039870466869426,90.39870466869426
6,35,150,150,0.9771248779642961,97.71248779642961
6,36,10,10,0.5994238644708062,59.94238644708062
6,36,20,20,0.7072420829314301,70.72420829314301
6,36,40,40,0.8090685915768397,80.90685915768397
6,36,80,80,0.903679824464602,90.3679824464602
6,36,150,150,0.9771017757947356,97.71017757947355
6,37,10,10,0.5990994204079316,59.90994204079316
6,37,20,20,0.7077989691847822,70.77989691847823
6,37,40,40,0.8094996823604459,80.94996823604458
6,37,80,80,0.9042265920528341,90.42265920528341
6,37,150,150,0.9770657410803067,97.70657410803068
6,38,10,10,0.5991300745394863,59.91300745394863
6,38,20,20,0.7075445568132014,70.75445568132014
6,38,40,40,0.809475954748279,80.9475954748279
6,38,80,80,0.9041341345812814,90.41341345812815
6,38,150,150,0.977144423050298,97.7144423050298
6,39,10,10,0.6001984519971338,60.01984519971339
6,39,20,20,0.708081384610407,70.8081384610407
6,39,40,40,0.8099475456621483,80.99475456621484
6,39,80,80,0.9046117348544063,90.46117348544063
6,39,150,150,0.9772515956770689,97.72515956770688
6,40,10,10,0.5993976298243938,59.93976298243938
6,40,20,20,0.7081656099469146,70.81656099469146
6,40,40,40,0.8095536847837943,80.95536847837943
6,40,80,80,0.9040038657198268,90.40038657198268
6,40,150,150,0.9770510557691773,97.70510557691773
7,1,10,10,0.5982351666111688,59.823516661116884
7,1,20,20,0.7083755538821643,70.83755538821643
7,1,40,40,0.811705952183261,81.1705952183261
7,1,80,80,0.9049452323788579,90.49452323788579
7,1,150,150,0.9775831394367577,97.75831394367577
7,2,10,10,0.5992690508125574,59.92690508125575
7,2,20,20,0.7089683424581088,70.89683424581088
7,2,40,40,0.8117254937959852,81.17254937959852
7,2,80,80,0.904865528327778,90.4865528327778
7,2,150,150,0.9774793627304148,97.74793627304147
7,3,10,10,0.5992377914910577,59.92377914910577
7,3,20,20,0.7097501673950527,70.97501673950526
7,3,40,40,0.8126018555710202,81.26018555710202
7,3,80,80,0.9054769221057655,90.54769221057654
7,3,150,150,0.9775242805894376,97.75242805894376
7,4,10,10,0.5988303434089722,59.883034340897225
7,4,20,20,0.7085971780741172,70.85971780741171
7,4,40,40,0.811359267444836,81.1359267444836
7,4,80,80,0.9047322480994613,90.47322480994613
7,4,150,150,0.9773066976781782,97.73066976781783
7,5,10,10,0.6002268628101625,60.02268628101625
7,5,20,20,0.7098828673127984,70.98828673127984
7,5,40,40,0.8124660526486639,81.24660526486639
7,5,80,80,0.905339569711328,90.5339569711328
7,5,150,150,0.9776653123297027,97.76653123297027
7,6,10,10,0.5986168779436216,59.86168779436216
7,6,20,20,0.7084271773655707,70.84271773655708
7,6,40,40,0.8118816116837786,81.18816116837786
7,6,80,80,0.9050108985824159,90.50108985824158
7,6,150,150,0.9775283505553494,97.75283505553493
7,7,10,10,0.5986328664772528,59.863286647725275
7,7,20,20,0.7088278889806665,70.88278889806665
7,7,40,40,0.8121578202019197,81.21578202019197
7,7,80,80,0.9052660472333387,90.52660472333388
7,7,150,150,0.9775747753064967,97.75747753064967
7,8,10,10,0.6003774022157301,60.03774022157301
7,8,20,20,0.7100080203416234,71.00080203416233
7,8,40,40,0.8130376362142371,81.30376362142371
7,8,80,80,0.9055945887316559,90.55945887316558
7,8,150,150,0.9777760431427831,97.7776043142783
7,9,10,10,0.5999169476139247,59.991694761392466
7,9,20,20,0.7096800918362377,70.96800918362376
7,9,40,40,0.8130739090132745,81.30739090132745
7,9,80,80,0.9056460616421985,90.56460616421985
7,9,150,150,0.9778225914402411,97.78225914402411
7,10,10,10,0.5999169476139241,59.99169476139241
7,10,20,20,0.7096800918362375,70.96800918362375
7,10,40,40,0.8130739090132744,81.30739090132744
7,10,80,80,0.9056460616421985,90.56460616421985
7,10,150,150,0.9778225914402412,97.78225914402412
7,11,10,10,0.6028907378058572,60.289073780585724
7,11,20,20,0.7121919091302656,71.21919091302657
7,11,40,40,0.8141302423037925,81.41302423037925
7,11,80,80,0.9061950700560433,90.61950700560433
7,11,150,150,0.9778471417986021,97.78471417986022
7,12,10,10,0.6008829023270718,60.08829023270717
7,12,20,20,0.7101404723682404,71.01404723682404
7,12,40,40,0.8129990877659999,81.29990877659999
7,12,80,80,0.905790847053823,90.5790847053823
7,12,150,150,0.9778469719092645,97.78469719092645
7,13,10,10,0.6012190703402213,60.12190703402213
7,13,20,20,0.7100398640003207,71.00398640003208
7,13,40,40,0.8126019164494345,81.26019164494345
7,13,80,80,0.9055903212796292,90.55903212796292
7,13,150,150,0.9777204004682206,97.77204004682206
7,14,10,10,0.6014994601284586,60.14994601284586
7,14,20,20,0.7107994913581156,71.07994913581156
7,14,40,40,0.8135434702258659,81.3543470225866
7,14,80,80,0.9065708344333564,90.65708344333564
7,14,150,150,0.9778934139520647,97.78934139520648
7,15,10,10,0.6007961495754589,60.07961495754589
7,15,20,20,0.7101677047630083,71.01677047630083
7,15,40,40,0.813159414273717,81.3159414273717
7,15,80,80,0.9061715029184305,90.61715029184305
7,15,150,150,0.9778235488551569,97.78235488551569
7,16,10,10,0.5999049671900194,59.99049671900194
7,16,20,20,0.7095574437794177,70.95574437794177
7,16,40,40,0.8123087227287797,81.23087227287797
7,16,80,80,0.9058066579659605,90.58066579659605
7,16,150,150,0.9776149267260144,97.76149267260143
7,17,10,10,0.6002476480086661,60.02476480086661
7,17,20,20,0.7100132155234286,71.00132155234286
7,17,40,40,0.8125513183302434,81.25513183302434
7,17,80,80,0.9056457613929143,90.56457613929143
7,17,150,150,0.9773932114266355,97.73932114266356
7,18,10,10,0.6005736266816619,60.05736266816619
7,18,20,20,0.7099285613494295,70.99285613494295
7,18,40,40,0.8128056340795744,81.28056340795744
7,18,80,80,0.9059221765149001,90.59221765149002
7,18,150,150,0.9776506313650157,97.76506313650157
7,19,10,10,0.6002323325278308,60.02323325278308
7,19,20,20,0.7102463507262258,71.02463507262257
7,19,40,40,0.8130805272592677,81.30805272592677
7,19,80,80,0.9061979671488519,90.6197967148852
7,19,150,150,0.9777974837185757,97.77974837185756
7,20,10,10,0.6005770115379203,60.05770115379203
7,20,20,20,0.7105057537931238,71.05057537931238
7,20,40,40,0.8130859857261057,81.30859857261056
7,20,80,80,0.9063202203865715,90.63202203865714
7,20,150,150,0.9778442756008139,97.78442756008138
7,21,10,10,0.602419891944021,60.2419891944021
7,21,20,20,0.7110860526820807,71.10860526820807
7,21,40,40,0.8136311856766478,81.36311856766478
7,21,80,80,0.906109529220155,90.6109529220155
7,21,150,150,0.977730749855412,97.7730749855412
7,22,10,10,0.6027669940297526,60.27669940297527
7,22,20,20,0.7120269687802974,71.20269687802974
7,22,40,40,0.814597304713567,81.45973047135669
7,22,80,80,0.9069522884421453,90.69522884421453
7,22,150,150,0.9779130094825461,97.79130094825462
7,23,10,10,0.601308621855911,60.130862185591106
7,23,20,20,0.710695567674161,71.0695567674161
7,23,40,40,0.8132506989023599,81.325069890236
7,23,80,80,0.9057664748522101,90.576647485221
7,23,150,150,0.9774998844080852,97.74998844080852
7,24,10,10,0.6017417433512344,60.17417433512344
7,24,20,20,0.7110261459136352,71.10261459136352
7,24,40,40,0.8138451584781898,81.38451584781899
7,24,80,80,0.9063362611976767,90.63362611976767
7,24,150,150,0.9777642401264225,97.77642401264225
7,25,10,10,0.6017144572377566,60.17144572377566
7,25,20,20,0.7110847532318908,71.10847532318908
7,25,40,40,0.8138884777239801,81.38884777239801
7,25,80,80,0.906376675115376,90.6376675115376
7,25,150,150,0.9777859540598215,97.77859540598214
7,26,10,10,0.601112680110476,60.1112680110476
7,26,20,20,0.7106208534752704,71.06208534752703
7,26,40,40,0.8138995212314009,81.38995212314009
7,26,80,80,0.9063882981528413,90.63882981528413
7,26,150,150,0.9778116395254455,97.78116395254455
7,27,10,10,0.6008666897801085,60.08666897801085
7,27,20,20,0.7106962848581014,71.06962848581014
7,27,40,40,0.813779048864718,81.3779048864718
7,27,80,80,0.9063178698560537,90.63178698560537
7,27,150,150,0.9777314673502655,97.77314673502656
7,28,10,10,0.6029120566821355,60.29120566821356
7,28,20,20,0.7119464372579283,71.19464372579283
7,28,40,40,0.8149326469883756,81.49326469883756
7,28,80,80,0.9068594038804341,90.6859403880434
7,28,150,150,0.9779134950516429,97.79134950516429
7,29,10,10,0.6060519238799612,60.60519238799612
7,29,20,20,0.7142356167437383,71.42356167437383
7,29,40,40,0.8164379951936578,81.64379951936579
7,29,80,80,0.9076278811979666,90.76278811979665
7,29,150,150,0.9781905619934063,97.81905619934062
7,30,10,10,0.6027027534006238,60.27027534006238
7,30,20,20,0.7112837019154712,71.12837019154712
7,30,40,40,0.8144615576821975,81.44615576821975
7,30,80,80,0.9064363728344924,90.64363728344924
7,30,150,150,0.9777358022235754,97.77358022235754
7,31,10,10,0.6027077131093611,60.27077131093611
7,31,20,20,0.7107763726006056,71.07763726006056
7,31,40,40,0.8139652931461854,81.39652931461853
7,31,80,80,0.9059217683299401,90.59217683299401
7,31,150,150,0.97753732235383,97.753732235383
7,32,10,10,0.6036129828954391,60.36129828954391
7,32,20,20,0.7121088813950339,71.2108881395034
7,32,40,40,0.8143319977106183,81.43319977106182
7,32,80,80,0.9062818387218793,90.62818387218793
7,32,150,150,0.9776496129306276,97.76496129306275
7,33,10,10,0.604844573530327,60.484457353032695
7,33,20,20,0.7119635207265278,71.19635207265279
7,33,40,40,0.8138509495352697,81.38509495352697
7,33,80,80,0.9056624844898287,90.56624844898286
7,33,150,150,0.9775519740801266,97.75519740801266
7,34,10,10,0.6039428049205425,60.39428049205425
7,34,20,20,0.7123622720657184,71.23622720657184
7,34,40,40,0.8148256450807134,81.48256450807135
7,34,80,80,0.9064206665011701,90.64206665011702
7,34,150,150,0.9779278097875514,97.79278097875515
7,35,10,10,0.604582878548617,60.4582878548617
7,35,20,20,0.7128615026571689,71.28615026571688
7,35,40,40,0.814395615350353,81.4395615350353
7,35,80,80,0.9062558364684117,90.62558364684116
7,35,150,150,0.9777598954316135,97.77598954316134
7,36,10,10,0.604798528743446,60.479852874344594
7,36,20,20,0.7124772349121019,71.2477234912102
7,36,40,40,0.8137353384457632,81.37353384457631
7,36,80,80,0.9060961244613287,90.60961244613287
7,36,150,150,0.9777483088928088,97.77483088928088
7,37,10,10,0.6055108890140635,60.551088901406345
7,37,20,20,0.7128747372926395,71.28747372926395
7,37,40,40,0.8146659505942836,81.46659505942836
7,37,80,80,0.9065871026282966,90.65871026282966
7,37,150,150,0.9777738113214666,97.77738113214666
7,38,10,10,0.6055870802995048,60.55870802995048
7,38,20,20,0.7125355760301467,71.25355760301467
7,38,40,40,0.8141577917975598,81.41577917975597
7,38,80,80,0.9060854012400815,90.60854012400816
7,38,150,150,0.9775624761846632,97.75624761846632
7,39,10,10,0.6066770446387679,60.667704463876795
7,39,20,20,0.7128170338415545,71.28170338415545
7,39,40,40,0.814176613283988,81.41766132839881
7,39,80,80,0.9059858801850895,90.59858801850895
7,39,150,150,0.977555028910921,97.7555028910921
7,40,10,10,0.6063107978571737,60.63107978571737
7,40,20,20,0.7128048641129324,71.28048641129324
7,40,40,40,0.8139806416255291,81.39806416255291
7,40,80,80,0.9062454919316161,90.62454919316161
7,40,150,150,0.9775545080289917,97.75545080289916
8,1,10,10,0.5962159839061547,59.621598390615475
8,1,20,20,0.7069109318904988,70.69109318904988
8,1,40,40,0.8108176021564018,81.08176021564017
8,1,80,80,0.9049023572700774,90.49023572700774
8,1,150,150,0.9769010107490707,97.69010107490706
8,2,10,10,0.5963326551378391,59.633265513783904
8,2,20,20,0.7068096145069048,70.68096145069049
8,2,40,40,0.810562657651335,81.05626576513349
8,2,80,80,0.9048507538637479,90.48507538637479
8,2,150,150,0.9769605186763471,97.69605186763471
8,3,10,10,0.5969396979731376,59.69396979731376
8,3,20,20,0.7071946927924544,70.71946927924544
8,3,40,40,0.8108757995293278,81.08757995293277
8,3,80,80,0.9050158930421107,90.50158930421107
8,3,150,150,0.977034585240967,97.7034585240967
8,4,10,10,0.5962801459265451,59.62801459265451
8,4,20,20,0.7062931638888392,70.62931638888392
8,4,40,40,0.8100312380495124,81.00312380495124
8,4,80,80,0.9045348218261333,90.45348218261333
8,4,150,150,0.9769028024668243,97.69028024668242
8,5,10,10,0.5962801459265448,59.62801459265448
8,5,20,20,0.706293163888839,70.6293163888839
8,5,40,40,0.8100312380495123,81.00312380495123
8,5,80,80,0.9045348218261333,90.45348218261333
8,5,150,150,0.9769028024668241,97.69028024668242
8,6,10,10,0.5960032049639795,59.60032049639795
8,6,20,20,0.7059252309899012,70.59252309899013
8,6,40,40,0.8098350909605851,80.98350909605851
8,6,80,80,0.9044986905498007,90.44986905498007
8,6,150,150,0.9769300978700126,97.69300978700126
8,7,10,10,0.5952477457647859,59.52477457647859
8,7,20,20,0.7055574431984185,70.55574431984185
8,7,40,40,0.8100962188100399,81.009621881004
8,7,80,80,0.9047710631779282,90.47710631779282
8,7,150,150,0.977032331060214,97.7032331060214
8,8,10,10,0.5939998536674485,59.39998536674484
8,8,20,20,0.704453959914591,70.44539599145911
8,8,40,40,0.8091844103302743,80.91844103302743
8,8,80,80,0.9042873153520428,90.42873153520428
8,8,150,150,0.9769000420424891,97.69000420424891
8,9,10,10,0.5942648876125968,59.42648876125968
8,9,20,20,0.7045177617136794,70.45177617136794
8,9,40,40,0.8090456835502461,80.90456835502461
8,9,80,80,0.9042555620522752,90.42555620522752
8,9,150,150,0.9768190880313271,97.68190880313271
8,10,10,10,0.5934784601560255,59.34784601560254
8,10,20,20,0.7043940423316293,70.43940423316293
8,10,40,40,0.8086606510037069,80.86606510037069
8,10,80,80,0.9042631993009084,90.42631993009084
8,10,150,150,0.9768761812950316,97.68761812950316
8,11,10,10,0.5956385513072473,59.56385513072473
8,11,20,20,0.7063870370984351,70.63870370984351
8,11,40,40,0.8098272597440219,80.98272597440219
8,11,80,80,0.9045873064274615,90.45873064274616
8,11,150,150,0.976780116952428,97.67801169524279
8,12,10,10,0.5952165154404324,59.521651544043245
8,12,20,20,0.7059096046386645,70.59096046386645
8,12,40,40,0.8093740881640604,80.93740881640605
8,12,80,80,0.9046161000632224,90.46161000632223
8,12,150,150,0.9768062298537238,97.68062298537238
8,13,10,10,0.5949321333208252,59.49321333208252
8,13,20,20,0.7053893861953198,70.53893861953198
8,13,40,40,0.8090227045433359,80.90227045433359
8,13,80,80,0.9046095700200929,90.4609570020093
8,13,150,150,0.9768022211032048,97.68022211032049
8,14,10,10,0.5948335878837246,59.48335878837246
8,14,20,20,0.7052868859225336,70.52868859225336
8,14,40,40,0.8090004553838357,80.90004553838357
8,14,80,80,0.9042478982696172,90.42478982696171
8,14,150,150,0.9767573310289795,97.67573310289795
8,15,10,10,0.5944293705903406,59.442937059034065
8,15,20,20,0.705647335599481,70.5647335599481
8,15,40,40,0.8093287515807162,80.93287515807161
8,15,80,80,0.9047038609009941,90.47038609009941
8,15,150,150,0.9769223653802223,97.69223653802223
8,16,10,10,0.594135948576616,59.4135948576616
8,16,20,20,0.7046808694844577,70.46808694844577
8,16,40,40,0.8084727805080598,80.84727805080598
8,16,80,80,0.9039139135571138,90.39139135571138
8,16,150,150,0.9766531476613447,97.66531476613447
8,17,10,10,0.5946651553801663,59.46651553801663
8,17,20,20,0.7051126200061457,70.51126200061458
8,17,40,40,0.8092291837211154,80.92291837211154
8,17,80,80,0.9042063777487709,90.4206377748771
8,17,150,150,0.9767472489517623,97.67472489517624
8,18,10,10,0.5934123464330555,59.341234643305555
8,18,20,20,0.7042689910515622,70.42689910515621
8,18,40,40,0.8083554765136213,80.83554765136213
8,18,80,80,0.9037797910812853,90.37797910812853
8,18,150,150,0.9767188094215686,97.67188094215686
8,19,10,10,0.593420348065755,59.342034806575505
8,19,20,20,0.7048101028706268,70.48101028706269
8,19,40,40,0.8087552877974227,80.87552877974227
8,19,80,80,0.9039169602684871,90.3916960268487
8,19,150,150,0.9767478729019264,97.67478729019264
8,20,10,10,0.5950421989590555,59.50421989590555
8,20,20,20,0.7058153041557328,70.58153041557328
8,20,40,40,0.8087032660339807,80.87032660339807
8,20,80,80,0.9034029618080721,90.34029618080721
8,20,150,150,0.9766692500053012,97.66692500053013
8,21,10,10,0.5953946475007895,59.53946475007895
8,21,20,20,0.705895757510436,70.5895757510436
8,21,40,40,0.8085790086957192,80.85790086957192
8,21,80,80,0.9031232252227376,90.31232252227376
8,21,150,150,0.9765311476899273,97.65311476899274
8,22,10,10,0.5943380096363686,59.43380096363686
8,22,20,20,0.7050875310076288,70.50875310076287
8,22,40,40,0.8078702630682075,80.78702630682075
8,22,80,80,0.9027619787159027,90.27619787159027
8,22,150,150,0.9764704807558532,97.64704807558532
8,23,10,10,0.594423805341619,59.4423805341619
8,23,20,20,0.7041511984856614,70.41511984856615
8,23,40,40,0.8068012957276098,80.68012957276099
8,23,80,80,0.9019070356915514,90.19070356915513
8,23,150,150,0.9761416344726115,97.61416344726115
8,24,10,10,0.5958083058496749,59.580830584967494
8,24,20,20,0.7051312468187508,70.51312468187508
8,24,40,40,0.807757746957317,80.7757746957317
8,24,80,80,0.9024709613795519,90.24709613795518
8,24,150,150,0.9763994958515143,97.63994958515143
8,25,10,10,0.5968301517470007,59.683015174700074
8,25,20,20,0.7059537727904986,70.59537727904987
8,25,40,40,0.8084117110962047,80.84117110962048
8,25,80,80,0.9027990989105665,90.27990989105665
8,25,150,150,0.9764270227224241,97.64270227224242
8,26,10,10,0.5962575474838944,59.62575474838944
8,26,20,20,0.7055844606754355,70.55844606754354
8,26,40,40,0.8079345901087625,80.79345901087625
8,26,80,80,0.9023656388832604,90.23656388832603
8,26,150,150,0.9761967334000206,97.61967334000205
8,27,10,10,0.5966658230803329,59.66658230803329
8,27,20,20,0.7060533411768424,70.60533411768424
8,27,40,40,0.8083863125799526,80.83863125799526
8,27,80,80,0.9027229118387444,90.27229118387444
8,27,150,150,0.9763070224663633,97.63070224663633
8,28,10,10,0.5960019437520814,59.60019437520814
8,28,20,20,0.705677485360145,70.56774853601449
8,28,40,40,0.8084581477002256,80.84581477002256
8,28,80,80,0.903152068942815,90.3152068942815
8,28,150,150,0.9763284657587065,97.63284657587064
8,29,10,10,0.5965793596059031,59.657935960590315
8,29,20,20,0.7062046588140586,70.62046588140586
8,29,40,40,0.8088160641529676,80.88160641529676
8,29,80,80,0.9034264207941656,90.34264207941656
8,29,150,150,0.9764266760436443,97.64266760436443
8,30,10,10,0.5949327529985329,59.49327529985329
8,30,20,20,0.7050342782246078,70.50342782246078
8,30,40,40,0.8079531473551169,80.7953147355117
8,30,80,80,0.9027955306293255,90.27955306293255
8,30,150,150,0.9761551547637156,97.61551547637156
8,31,10,10,0.5962765780577474,59.62765780577474
8,31,20,20,0.7060023224794324,70.60023224794324
8,31,40,40,0.8087267430500996,80.87267430500997
8,31,80,80,0.9031504274203481,90.31504274203482
8,31,150,150,0.976440356429845,97.64403564298449
8,32,10,10,0.5960655104793742,59.606551047937415
8,32,20,20,0.7059465217420754,70.59465217420754
8,32,40,40,0.8089774227132347,80.89774227132347
8,32,80,80,0.9033495757918357,90.33495757918357
8,32,150,150,0.9764535992911,97.64535992911
8,33,10,10,0.5980126212842986,59.801262128429855
8,33,20,20,0.7080869029631652,70.80869029631653
8,33,40,40,0.8104359062747992,81.04359062747992
8,33,80,80,0.9040729266267487,90.40729266267486
8,33,150,150,0.9766071186222077,97.66071186222078
8,34,10,10,0.5973421386957647,59.73421386957647
8,34,20,20,0.7072444585045731,70.7244458504573
8,34,40,40,0.8095301743055419,80.95301743055418
8,34,80,80,0.9036950125583774,90.36950125583773
8,34,150,150,0.9766662621224765,97.66662621224765
8,35,10,10,0.5972800931981739,59.72800931981739
8,35,20,20,0.7077004529320002,70.77004529320003
8,35,40,40,0.8102115024666803,81.02115024666803
8,35,80,80,0.9040010567833808,90.40010567833808
8,35,150,150,0.9767043066208367,97.67043066208367
8,36,10,10,0.5985916272258375,59.85916272258375
8,36,20,20,0.7082675369097897,70.82675369097898
8,36,40,40,0.8101242326689938,81.01242326689938
8,36,80,80,0.9036724726667702,90.36724726667703
8,36,150,150,0.9766479596291253,97.66479596291254
8,37,10,10,0.5995403820187628,59.95403820187628
8,37,20,20,0.7094473917635078,70.94473917635078
8,37,40,40,0.8115647225562872,81.15647225562871
8,37,80,80,0.9045990874674343,90.45990874674344
8,37,150,150,0.9766548700437607,97.66548700437608
8,38,10,10,0.5987043793347209,59.87043793347209
8,38,20,20,0.708348905651988,70.8348905651988
8,38,40,40,0.810919864695596,81.0919864695596
8,38,80,80,0.9043686227936651,90.43686227936651
8,38,150,150,0.9766606097816675,97.66606097816674
8,39,10,10,0.5983456787566903,59.83456787566903
8,39,20,20,0.7082476836688558,70.82476836688558
8,39,40,40,0.8110889508146761,81.10889508146761
8,39,80,80,0.9048698543663767,90.48698543663767
8,39,150,150,0.976991497170214,97.6991497170214
8,40,10,10,0.5995315655225394,59.95315655225394
8,40,20,20,0.7094282157759936,70.94282157759936
8,40,40,40,0.8116440204099322,81.16440204099322
8,40,80,80,0.9049797669539636,90.49797669539636
8,40,150,150,0.977113803643273,97.71138036432731
9,1,10,10,0.6040253407255174,60.40253407255174
9,1,20,20,0.7123549262229031,71.23549262229031
9,1,40,40,0.8154395442507415,81.54395442507415
9,1,80,80,0.9076102487627506,90.76102487627506
9,1,150,150,0.9774386188804802,97.74386188804802
9,2,10,10,0.6032586884916374,60.32586884916375
9,2,20,20,0.7106263497615158,71.06263497615159
9,2,40,40,0.8139354314885316,81.39354314885317
9,2,80,80,0.9068269366301072,90.68269366301071
9,2,150,150,0.9772861073623286,97.72861073623285
9,3,10,10,0.603311878533993,60.33118785339931
9,3,20,20,0.710733312987975,71.0733312987975
9,3,40,40,0.8141626102848306,81.41626102848306
9,3,80,80,0.9069790013324196,90.69790013324196
9,3,150,150,0.9774765397155918,97.74765397155917
9,4,10,10,0.6030021999108717,60.30021999108717
9,4,20,20,0.7103014581836168,71.03014581836167
9,4,40,40,0.8136320913926565,81.36320913926565
9,4,80,80,0.9065672483512761,90.6567248351276
9,4,150,150,0.9772944857768814,97.72944857768813
9,5,10,10,0.6041771831906344,60.41771831906344
9,5,20,20,0.7106315283337148,71.06315283337148
9,5,40,40,0.813770718712902,81.3770718712902
9,5,80,80,0.9065241105997517,90.65241105997517
9,5,150,150,0.9772764513029923,97.72764513029924
9,6,10,10,0.6031012983572778,60.31012983572778
9,6,20,20,0.7094044422354321,70.94044422354321
9,6,40,40,0.8130457455848031,81.30457455848031
9,6,80,80,0.906166620943848,90.61666209438481
9,6,150,150,0.9772322941432949,97.7232294143295
9,7,10,10,0.6026489728411928,60.26489728411928
9,7,20,20,0.7099542141033837,70.99542141033837
9,7,40,40,0.8134787593815231,81.34787593815231
9,7,80,80,0.9063457509142523,90.63457509142523
9,7,150,150,0.9773908629758449,97.73908629758449
9,8,10,10,0.6028058725250115,60.28058725250115
9,8,20,20,0.7099022428658551,70.99022428658552
9,8,40,40,0.8135819684471959,81.35819684471959
9,8,80,80,0.906397363251914,90.6397363251914
9,8,150,150,0.9774355788366543,97.74355788366543
9,9,10,10,0.6021892427242045,60.21892427242045
9,9,20,20,0.709649088565043,70.96490885650431
9,9,40,40,0.8134963358296448,81.34963358296447
9,9,80,80,0.9063971952719532,90.63971952719531
9,9,150,150,0.9774468592993758,97.74468592993757
9,10,10,10,0.6025198949096514,60.251989490965144
9,10,20,20,0.7091150459947906,70.91150459947906
9,10,40,40,0.8131186427077142,81.31186427077142
9,10,80,80,0.9061082971703243,90.61082971703243
9,10,150,150,0.9772525191397698,97.72525191397699
9,11,10,10,0.6024094943289808,60.240949432898084
9,11,20,20,0.7091695361848703,70.91695361848703
9,11,40,40,0.8132610339412911,81.3261033941291
9,11,80,80,0.9061258877771492,90.61258877771492
9,11,150,150,0.9773150925003613,97.73150925003613
9,12,10,10,0.6035091683769983,60.35091683769983
9,12,20,20,0.7105713401016339,71.0571340101634
9,12,40,40,0.8139369028653511,81.39369028653512
9,12,80,80,0.906404378674612,90.6404378674612
9,12,150,150,0.9773544280185301,97.73544280185301
9,13,10,10,0.6033331588852691,60.333315888526904
9,13,20,20,0.7102621660716713,71.02621660716713
9,13,40,40,0.8133655617070994,81.33655617070994
9,13,80,80,0.9061025179708077,90.61025179708076
9,13,150,150,0.9772290384921918,97.72290384921918
9,14,10,10,0.6032687866108064,60.32687866108064
9,14,20,20,0.7105043593250363,71.05043593250363
9,14,40,40,0.8139382961113861,81.39382961113861
9,14,80,80,0.9068695958501078,90.68695958501078
9,14,150,150,0.9774436142372069,97.74436142372069
9,15,10,10,0.6032943941413573,60.329439414135734
9,15,20,20,0.7108630178768035,71.08630178768036
9,15,40,40,0.8140556761910738,81.40556761910737
9,15,80,80,0.9065074089047391,90.65074089047391
9,15,150,150,0.9773132421140647,97.73132421140647
9,16,10,10,0.6033276503030903,60.332765030309034
9,16,20,20,0.7096002175463465,70.96002175463465
9,16,40,40,0.8132394520577915,81.32394520577915
9,16,80,80,0.905901305737234,90.5901305737234
9,16,150,150,0.977176722883771,97.7176722883771
9,17,10,10,0.602167464848667,60.216746484866704
9,17,20,20,0.7086397713329278,70.86397713329278
9,17,40,40,0.8126751190675281,81.26751190675282
9,17,80,80,0.9057330356460459,90.57330356460459
9,17,150,150,0.9772075907388525,97.72075907388526
9,18,10,10,0.6027184840125428,60.27184840125428
9,18,20,20,0.7090547673342875,70.90547673342876
9,18,40,40,0.8128295599430094,81.28295599430095
9,18,80,80,0.9059418584082644,90.59418584082644
9,18,150,150,0.9772356889518152,97.72356889518153
9,19,10,10,0.6031148004944983,60.31148004944983
9,19,20,20,0.7094075851002223,70.94075851002223
9,19,40,40,0.812984995411098,81.2984995411098
9,19,80,80,0.9059131764574648,90.59131764574649
9,19,150,150,0.9771617785910265,97.71617785910264
9,20,10,10,0.604659111771425,60.465911177142495
9,20,20,20,0.7107475839201447,71.07475839201447
9,20,40,40,0.8134205169412251,81.3420516941225
9,20,80,80,0.9058628016376848,90.58628016376848
9,20,150,150,0.9773303300530267,97.73303300530267
9,21,10,10,0.6046967303518183,60.46967303518183
9,21,20,20,0.710703096726893,71.0703096726893
9,21,40,40,0.8132086746908636,81.32086746908635
9,21,80,80,0.9057898088310019,90.57898088310019
9,21,150,150,0.977322993011397,97.7322993011397
9,22,10,10,0.6040533335682144,60.405333356821444
9,22,20,20,0.7105561609106235,71.05561609106235
9,22,40,40,0.8138665675484597,81.38665675484596
9,22,80,80,0.9063798007850383,90.63798007850383
9,22,150,150,0.9773896432185527,97.73896432185526
9,23,10,10,0.6042418801706826,60.42418801706826
9,23,20,20,0.7111347404797934,71.11347404797934
9,23,40,40,0.8144153573767202,81.44153573767203
9,23,80,80,0.9067190932998004,90.67190932998004
9,23,150,150,0.9776849467945844,97.76849467945844
9,24,10,10,0.6039454266750773,60.394542667507736
9,24,20,20,0.7109917255601992,71.09917255601992
9,24,40,40,0.814230403231148,81.4230403231148
9,24,80,80,0.9065323994725973,90.65323994725973
9,24,150,150,0.9775877742670849,97.75877742670849
9,25,10,10,0.603312430272414,60.3312430272414
9,25,20,20,0.7105793265697375,71.05793265697375
9,25,40,40,0.8140628097024494,81.40628097024494
9,25,80,80,0.9065581336684557,90.65581336684558
9,25,150,150,0.9775726863327014,97.75726863327014
9,26,10,10,0.603113118033671,60.3113118033671
9,26,20,20,0.7104586997326275,71.04586997326275
9,26,40,40,0.8135474368952662,81.35474368952661
9,26,80,80,0.9064099985468859,90.64099985468859
9,26,150,150,0.9775417413820006,97.75417413820006
9,27,10,10,0.6033333088499566,60.33333088499566
9,27,20,20,0.7108000203002748,71.08000203002747
9,27,40,40,0.8136162729734973,81.36162729734973
9,27,80,80,0.9064225604220779,90.64225604220779
9,27,150,150,0.9776037362327585,97.76037362327585
9,28,10,10,0.6040205015915274,60.40205015915274
9,28,20,20,0.7121102075387515,71.21102075387515
9,28,40,40,0.8139862973761969,81.39862973761969
9,28,80,80,0.9062792938553664,90.62792938553665
9,28,150,150,0.9775367886242476,97.75367886242476
9,29,10,10,0.6053628696988846,60.536286969888465
9,29,20,20,0.7133373175227778,71.33373175227779
9,29,40,40,0.8145862785125089,81.45862785125088
9,29,80,80,0.9063672657222379,90.6367265722238
9,29,150,150,0.977483363688064,97.7483363688064
9,30,10,10,0.6063047368927506,60.63047368927506
9,30,20,20,0.7139113472188399,71.39113472188399
9,30,40,40,0.8151063034445988,81.51063034445988
9,30,80,80,0.9067022086207281,90.67022086207281
9,30,150,150,0.9776211566678479,97.7621156667848
9,31,10,10,0.6057124224627889,60.57124224627889
9,31,20,20,0.7134199831939969,71.34199831939969
9,31,40,40,0.8143815977645503,81.43815977645504
9,31,80,80,0.9060359785154758,90.60359785154758
9,31,150,150,0.9775317784942675,97.75317784942675
9,32,10,10,0.6066240935309863,60.66240935309863
9,32,20,20,0.7135500948355553,71.35500948355553
9,32,40,40,0.8139547483764684,81.39547483764684
9,32,80,80,0.9059194567546903,90.59194567546903
9,32,150,150,0.9775417429147124,97.75417429147124
9,33,10,10,0.6048397397341718,60.48397397341718
9,33,20,20,0.7131120096757892,71.31120096757893
9,33,40,40,0.8140319171961385,81.40319171961386
9,33,80,80,0.9057733402140935,90.57733402140936
9,33,150,150,0.977485982383832,97.7485982383832
9,34,10,10,0.6053808383147649,60.538083831476484
9,34,20,20,0.714001975869551,71.4001975869551
9,34,40,40,0.8151186245029935,81.51186245029936
9,34,80,80,0.9064836505692649,90.6483650569265
9,34,150,150,0.9778964998525727,97.78964998525727
9,35,10,10,0.6063199117813791,60.63199117813791
9,35,20,20,0.7154510092698392,71.54510092698392
9,35,40,40,0.8161894484816854,81.61894484816854
9,35,80,80,0.906903083555034,90.6903083555034
9,35,150,150,0.9778937993466745,97.78937993466745
9,36,10,10,0.6077684659233448,60.77684659233448
9,36,20,20,0.7166237382768815,71.66237382768816
9,36,40,40,0.8170936229552617,81.70936229552616
9,36,80,80,0.9071633608464846,90.71633608464846
9,36,150,150,0.9778780322688099,97.78780322688098
9,37,10,10,0.6064974137519995,60.64974137519995
9,37,20,20,0.7152669795986223,71.52669795986223
9,37,40,40,0.8156777824327264,81.56777824327264
9,37,80,80,0.9063224539826011,90.63224539826011
9,37,150,150,0.977791890310247,97.7791890310247
9,38,10,10,0.606159994514737,60.6159994514737
9,38,20,20,0.7150727159320915,71.50727159320915
9,38,40,40,0.8155197834065302,81.55197834065302
9,38,80,80,0.9059860094910119,90.5986009491012
9,38,150,150,0.9777588779478702,97.77588779478702
9,39,10,10,0.6045473804653735,60.45473804653735
9,39,20,20,0.7136188842768106,71.36188842768107
9,39,40,40,0.8142060927727653,81.42060927727654
9,39,80,80,0.9051761030242884,90.51761030242884
9,39,150,150,0.9774321410038594,97.74321410038594
9,40,10,10,0.6052741947929873,60.52741947929873
9,40,20,20,0.7136827129649698,71.36827129649697
9,40,40,40,0.8140909650748799,81.40909650748799
9,40,80,80,0.9051789802521979,90.5178980252198
9,40,150,150,0.9773290162634474,97.73290162634474
10,1,10,10,0.6053701887839453,60.537018878394534
10,1,20,20,0.7149680285697464,71.49680285697464
10,1,40,40,0.8136104599135708,81.36104599135709
10,1,80,80,0.9059061414866332,90.59061414866332
10,1,150,150,0.9771971679330403,97.71971679330403
10,2,10,10,0.6059733565316148,60.59733565316148
10,2,20,20,0.7152835703115465,71.52835703115466
10,2,40,40,0.8137747945662452,81.37747945662453
10,2,80,80,0.9058633227514976,90.58633227514976
10,2,150,150,0.9771969106387135,97.71969106387135
10,3,10,10,0.6064164662790856,60.641646627908564
10,3,20,20,0.7160168212463702,71.60168212463702
10,3,40,40,0.8142734003699497,81.42734003699496
10,3,80,80,0.9060602060832265,90.60602060832265
10,3,150,150,0.977103050841044,97.7103050841044
10,4,10,10,0.6065319018220848,60.65319018220848
10,4,20,20,0.7158398666911737,71.58398666911737
10,4,40,40,0.8141187207238116,81.41187207238116
10,4,80,80,0.9061475435562563,90.61475435562562
10,4,150,150,0.9772893021186349,97.72893021186349
10,5,10,10,0.6057884407589524,60.57884407589525
10,5,20,20,0.7155884765530433,71.55884765530432
10,5,40,40,0.8135956019450961,81.35956019450961
10,5,80,80,0.9056870598516371,90.56870598516372
10,5,150,150,0.9770464246063831,97.70464246063831
10,6,10,10,0.6065885938755115,60.658859387551146
10,6,20,20,0.715258355607799,71.52583556077991
10,6,40,40,0.8133125044120315,81.33125044120315
10,6,80,80,0.905563163846193,90.5563163846193
10,6,150,150,0.9769254546106905,97.69254546106905
10,7,10,10,0.6070994109624571,60.709941096245714
10,7,20,20,0.7159009690296635,71.59009690296635
10,7,40,40,0.8140530530841062,81.40530530841062
10,7,80,80,0.9059230076782112,90.59230076782111
10,7,150,150,0.9769782641023097,97.69782641023097
10,8,10,10,0.6064417583367931,60.64417583367931
10,8,20,20,0.7150655052224668,71.50655052224668
10,8,40,40,0.8133663349080844,81.33663349080844
10,8,80,80,0.9056593618696468,90.56593618696468
10,8,150,150,0.9770903290062349,97.7090329006235
10,9,10,10,0.6067879875620799,60.67879875620798
10,9,20,20,0.715261897256294,71.5261897256294
10,9,40,40,0.8137761758526646,81.37761758526646
10,9,80,80,0.9060463538224718,90.60463538224718
10,9,150,150,0.9772379404182067,97.72379404182067
10,10,10,10,0.60480366506673,60.480366506673
10,10,20,20,0.713952388732553,71.3952388732553
10,10,40,40,0.8133781235577178,81.33781235577177
10,10,80,80,0.9057792123595907,90.57792123595907
10,10,150,150,0.977252320099207,97.7252320099207
10,11,10,10,0.6045658602702811,60.456586027028116
10,11,20,20,0.7129860347628723,71.29860347628723
10,11,40,40,0.812933479316848,81.2933479316848
10,11,80,80,0.9056895398944885,90.56895398944886
10,11,150,150,0.9772306667976868,97.72306667976868
10,12,10,10,0.6027821984855671,60.278219848556716
10,12,20,20,0.712048345200304,71.2048345200304
10,12,40,40,0.8128763406814608,81.28763406814608
10,12,80,80,0.9056076655766414,90.56076655766414
10,12,150,150,0.977179435315953,97.7179435315953
10,13,10,10,0.6038030658238267,60.38030658238267
10,13,20,20,0.7133201795458189,71.3320179545819
10,13,40,40,0.8140138667453573,81.40138667453573
10,13,80,80,0.9061852285658258,90.61852285658259
10,13,150,150,0.9773399791333646,97.73399791333645
10,14,10,10,0.6032789911387607,60.32789911387607
10,14,20,20,0.7123317492047216,71.23317492047217
10,14,40,40,0.8130596750700144,81.30596750700144
10,14,80,80,0.9061603348514491,90.61603348514491
10,14,150,150,0.9773723800499186,97.73723800499185
10,15,10,10,0.6034719512989999,60.34719512989999
10,15,20,20,0.712488837495794,71.24888374957939
10,15,40,40,0.813647283693196,81.36472836931961
10,15,80,80,0.9064844742369982,90.64844742369982
10,15,150,150,0.9773675369875284,97.73675369875285
10,16,10,10,0.6027900326999414,60.279003269994135
10,16,20,20,0.7118124514173515,71.18124514173515
10,16,40,40,0.8130975178569269,81.30975178569268
10,16,80,80,0.9062042104900098,90.62042104900098
10,16,150,150,0.9773664991829548,97.73664991829548
10,17,10,10,0.6025059203177296,60.25059203177297
10,17,20,20,0.711344487531209,71.1344487531209
10,17,40,40,0.8128807256743482,81.28807256743482
10,17,80,80,0.9061346091543906,90.61346091543906
10,17,150,150,0.9776218162695263,97.76218162695262
10,18,10,10,0.6025734688958321,60.25734688958321
10,18,20,20,0.7118744368284547,71.18744368284547
10,18,40,40,0.8129087762953175,81.29087762953175
10,18,80,80,0.906154731772799,90.61547317727991
10,18,150,150,0.9773986992092188,97.73986992092189
10,19,10,10,0.6026291297308383,60.26291297308383
10,19,20,20,0.7116328576313544,71.16328576313545
10,19,40,40,0.8129108547597281,81.2910854759728
10,19,80,80,0.9060551521613533,90.60551521613533
10,19,150,150,0.9774187139700447,97.74187139700446
10,20,10,10,0.602571858281345,60.257185828134496
10,20,20,20,0.7119205804946294,71.19205804946293
10,20,40,40,0.8138377128098202,81.38377128098202
10,20,80,80,0.9070172121271647,90.70172121271646
10,20,150,150,0.9778506299429902,97.78506299429903
10,21,10,10,0.6025724113462299,60.25724113462299
10,21,20,20,0.7115512432988889,71.15512432988889
10,21,40,40,0.812779063157504,81.2779063157504
10,21,80,80,0.9061998439944822,90.61998439944821
10,21,150,150,0.9775989065469382,97.75989065469382
10,22,10,10,0.6025552013834021,60.255520138340216
10,22,20,20,0.7117256026245209,71.1725602624521
10,22,40,40,0.8129606345793451,81.29606345793451
10,22,80,80,0.9063655321901597,90.63655321901597
10,22,150,150,0.9776498749204846,97.76498749204846
10,23,10,10,0.6023750408505076,60.237504085050766
10,23,20,20,0.7119080668115182,71.19080668115181
10,23,40,40,0.8131193900401067,81.31193900401067
10,23,80,80,0.9063392099388204,90.63392099388204
10,23,150,150,0.9775189285073105,97.75189285073105
10,24,10,10,0.6045936086893879,60.459360868938795
10,24,20,20,0.713147227097951,71.31472270979509
10,24,40,40,0.8136438869501499,81.364388695015
10,24,80,80,0.9062291032910523,90.62291032910524
10,24,150,150,0.9772823716580262,97.72823716580262
10,25,10,10,0.6043069518637237,60.430695186372375
10,25,20,20,0.7131667664665926,71.31667664665926
10,25,40,40,0.8133757748627752,81.33757748627752
10,25,80,80,0.9063390745348536,90.63390745348536
10,25,150,150,0.9773180695118286,97.73180695118286
10,26,10,10,0.6027926137422835,60.279261374228355
10,26,20,20,0.7115059138738772,71.15059138738772
10,26,40,40,0.8124776820227564,81.24776820227564
10,26,80,80,0.905601312208498,90.5601312208498
10,26,150,150,0.9770456672780609,97.70456672780608
10,27,10,10,0.6034411889177191,60.34411889177191
10,27,20,20,0.7120144709927533,71.20144709927533
10,27,40,40,0.8128670410733422,81.28670410733422
10,27,80,80,0.9058142798050619,90.58142798050619
10,27,150,150,0.9771230612960253,97.71230612960254
10,28,10,10,0.6036681246329314,60.366812463293144
10,28,20,20,0.7125544249403718,71.25544249403718
10,28,40,40,0.8133003188016121,81.33003188016121
10,28,80,80,0.9062983364344119,90.62983364344119
10,28,150,150,0.9771700810892021,97.71700810892021
10,29,10,10,0.6039510822500039,60.39510822500039
10,29,20,20,0.7126228639359865,71.26228639359866
10,29,40,40,0.8138757972001701,81.38757972001702
10,29,80,80,0.9066078779186795,90.66078779186795
10,29,150,150,0.9772750210147075,97.72750210147075
10,30,10,10,0.6031046588743252,60.31046588743252
10,30,20,20,0.7123391361582182,71.23391361582182
10,30,40,40,0.81384553585682,81.384553585682
10,30,80,80,0.9067858001680201,90.67858001680202
10,30,150,150,0.9773503470896205,97.73503470896205
10,31,10,10,0.6033880650635254,60.33880650635254
10,31,20,20,0.7126943438337593,71.26943438337592
10,31,40,40,0.8148511989943212,81.48511989943212
10,31,80,80,0.9075555230997918,90.75555230997918
10,31,150,150,0.9775562648578556,97.75562648578557
10,32,10,10,0.6037447197313325,60.37447197313325
10,32,20,20,0.7123198467378151,71.23198467378151
10,32,40,40,0.8150020088523185,81.50020088523185
10,32,80,80,0.9071609373578802,90.71609373578802
10,32,150,150,0.9775295275231812,97.75295275231812
10,33,10,10,0.6029207383422241,60.292073834222414
10,33,20,20,0.711612377805086,71.1612377805086
10,33,40,40,0.8138840176277619,81.38840176277618
10,33,80,80,0.906224598921438,90.62245989214381
10,33,150,150,0.9771361547470155,97.71361547470156
10,34,10,10,0.6019291191949819,60.192911919498194
10,34,20,20,0.7111705750467587,71.11705750467587
10,34,40,40,0.8134314047614545,81.34314047614545
10,34,80,80,0.9057734654306955,90.57734654306955
10,34,150,150,0.97697161380759,97.697161380759
10,35,10,10,0.6032703664135556,60.327036641355555
10,35,20,20,0.7129236579484988,71.29236579484987
10,35,40,40,0.8147782460772247,81.47782460772247
10,35,80,80,0.9066977240406426,90.66977240406426
10,35,150,150,0.9771016490258538,97.71016490258539
10,36,10,10,0.6034589049343287,60.345890493432876
10,36,20,20,0.713363545021391,71.3363545021391
10,36,40,40,0.8151697149897338,81.51697149897338
10,36,80,80,0.9068115571767528,90.68115571767528
10,36,150,150,0.9770848201778864,97.70848201778864
10,37,10,10,0.6035572065408217,60.35572065408217
10,37,20,20,0.7131934437220993,71.31934437220993
10,37,40,40,0.8151347795097358,81.51347795097358
10,37,80,80,0.9069203278652648,90.69203278652648
10,37,150,150,0.9771123391265633,97.71123391265633
10,38,10,10,0.6031561327138009,60.31561327138009
10,38,20,20,0.7131468441830283,71.31468441830283
10,38,40,40,0.8151778928805531,81.51778928805531
10,38,80,80,0.9071143407972101,90.71143407972102
10,38,150,150,0.9771702293480266,97.71702293480266
10,39,10,10,0.6028651842248365,60.286518422483645
10,39,20,20,0.7127899402553542,71.27899402553543
10,39,40,40,0.8151374747675697,81.51374747675698
10,39,80,80,0.907094807263822,90.7094807263822
10,39,150,150,0.9773468626814376,97.73468626814376
10,40,10,10,0.6008930632908919,60.08930632908919
10,40,20,20,0.7114288267239178,71.14288267239178
10,40,40,40,0.8144850484650996,81.44850484650996
10,40,80,80,0.9066447880362867,90.66447880362867
10,40,150,150,0.9771402903780048,97.71402903780047
