subject,classifier,representation,eer_pct,split_sd_pct,n_splits,n_genuine_test,n_impostor_test
1,LDA,PCA-40,4.0,6.6196015623877145,10,5,195
1,LDA,Raw,4.410256410256411,5.5978664940160225,10,5,195
1,k-NN,PCA-40,5.591642218636146,9.416463232841789,10,5,195
1,k-NN,Raw,7.526075481515508,7.941913934335071,10,5,195
2,LDA,PCA-40,0.0,0.0,10,5,195
2,LDA,Raw,0.0,0.0,10,5,195
2,k-NN,PCA-40,0.0,0.0,10,5,195
2,k-NN,Raw,0.0,0.0,10,5,195
3,LDA,PCA-40,0.1025641025641025,0.3243361702736798,10,5,195
3,LDA,Raw,0.0,0.0,10,5,195
3,k-NN,PCA-40,4.447088059130878,6.893851068312059,10,5,195
3,k-NN,Raw,5.7265979613487366,7.8514125494719655,10,5,195
4,LDA,PCA-40,0.35897435897435903,0.8036006340884211,10,5,195
4,LDA,Raw,0.2564102564102565,0.4983719568243848,10,5,195
4,k-NN,PCA-40,3.8805013988459516,7.080036372713965,10,5,195
4,k-NN,Raw,1.0163752496978962,1.3455904114409625,10,5,195
5,LDA,PCA-40,1.8974358974358974,2.094278720792038,10,5,195
5,LDA,Raw,2.153846153846154,1.9309430764366413,10,5,195
5,k-NN,PCA-40,6.583199041709591,7.430718857463198,10,5,195
5,k-NN,Raw,2.8091780196187326,1.3984770328164835,10,5,195
6,LDA,PCA-40,0.0,0.0,10,5,195
6,LDA,Raw,0.0,0.0,10,5,195
6,k-NN,PCA-40,0.0,0.0,10,5,195
6,k-NN,Raw,0.0,0.0,10,5,195
7,LDA,PCA-40,0.0,0.0,10,5,195
7,LDA,Raw,0.05128205128205132,0.16216808513684008,10,5,195
7,k-NN,PCA-40,0.10204081632653013,0.21512092926315401,10,5,195
7,k-NN,Raw,0.10102040816326507,0.21298330040427788,10,5,195
8,LDA,PCA-40,0.0,0.0,10,5,195
8,LDA,Raw,0.0,0.0,10,5,195
8,k-NN,PCA-40,0.0,0.0,10,5,195
8,k-NN,Raw,0.0,0.0,10,5,195
9,LDA,PCA-40,0.4615384615384615,0.8180161445473776,10,5,195
9,LDA,Raw,0.2564102564102565,0.3626188621469474,10,5,195
9,k-NN,PCA-40,2.123139259480148,5.229456308451175,10,5,195
9,k-NN,Raw,2.344021495745633,5.143931131887771,10,5,195
10,LDA,PCA-40,0.05128205128205132,0.16216808513684008,10,5,195
10,LDA,Raw,0.0,0.0,10,5,195
10,k-NN,PCA-40,8.333333333333332,8.78410461157883,10,5,195
10,k-NN,Raw,8.333333333333332,8.78410461157883,10,5,195
11,LDA,PCA-40,0.0,0.0,10,5,195
11,LDA,Raw,0.05128205128205132,0.16216808513684008,10,5,195
11,k-NN,PCA-40,0.050000000000000024,0.15811388300841903,10,5,195
11,k-NN,Raw,0.0,0.0,10,5,195
12,LDA,PCA-40,0.0,0.0,10,5,195
12,LDA,Raw,0.0,0.0,10,5,195
12,k-NN,PCA-40,0.05128205128205132,0.16216808513684008,10,5,195
12,k-NN,Raw,0.050000000000000024,0.15811388300841903,10,5,195
13,LDA,PCA-40,0.10256410256410264,0.2162241135157868,10,5,195
13,LDA,Raw,0.20512820512820515,0.35856712757953896,10,5,195
13,k-NN,PCA-40,0.050000000000000024,0.15811388300841903,10,5,195
13,k-NN,Raw,0.050000000000000024,0.15811388300841903,10,5,195
14,LDA,PCA-40,0.0,0.0,10,5,195
14,LDA,Raw,0.05128205128205132,0.16216808513684008,10,5,195
14,k-NN,PCA-40,0.0,0.0,10,5,195
14,k-NN,Raw,0.0,0.0,10,5,195
15,LDA,PCA-40,0.8205128205128205,1.4544989665765913,10,5,195
15,LDA,Raw,0.2564102564102565,0.36261886214694744,10,5,195
15,k-NN,PCA-40,0.8072073157815947,0.5365138277884446,10,5,195
15,k-NN,Raw,0.9489230253930139,0.6749005667811943,10,5,195
16,LDA,PCA-40,0.2564102564102565,0.6509207782789667,10,5,195
16,LDA,Raw,0.6666666666666667,1.431209277875862,10,5,195
16,k-NN,PCA-40,3.58400061882906,8.90322930570353,10,5,195
16,k-NN,Raw,2.3395547596773185,5.126352949860134,10,5,195
17,LDA,PCA-40,0.6153846153846154,1.2973446810947198,10,5,195
17,LDA,Raw,1.076923076923077,3.4055297878736397,10,5,195
17,k-NN,PCA-40,9.029014383389718,13.855745276266418,10,5,195
17,k-NN,Raw,5.8200213698819825,7.666092092469598,10,5,195
18,LDA,PCA-40,0.3589743589743589,0.8391752279407573,10,5,195
18,LDA,Raw,0.2564102564102565,0.6509207782789665,10,5,195
18,k-NN,PCA-40,2.4489500927185546,5.219330197664129,10,5,195
18,k-NN,Raw,0.6932755237689421,1.0197587742717715,10,5,195
19,LDA,PCA-40,8.102564102564102,10.241584726524042,10,5,195
19,LDA,Raw,8.307692307692308,10.106598179343601,10,5,195
19,k-NN,PCA-40,3.6026076212771487,6.986472563371313,10,5,195
19,k-NN,Raw,1.0609382865196817,1.1638814804619635,10,5,195
20,LDA,PCA-40,0.8717948717948719,1.7272571732060347,10,5,195
20,LDA,Raw,1.7435897435897438,3.09774531010579,10,5,195
20,k-NN,PCA-40,1.6666666666666665,5.270462766947298,10,5,195
20,k-NN,Raw,0.0,0.0,10,5,195
21,LDA,PCA-40,0.0,0.0,10,5,195
21,LDA,Raw,0.0,0.0,10,5,195
21,k-NN,PCA-40,0.050000000000000024,0.15811388300841903,10,5,195
21,k-NN,Raw,0.050000000000000024,0.15811388300841903,10,5,195
22,LDA,PCA-40,0.8205128205128206,0.9730085108210396,10,5,195
22,LDA,Raw,1.435897435897436,1.6360322890947554,10,5,195
22,k-NN,PCA-40,0.0,0.0,10,5,195
22,k-NN,Raw,0.0,0.0,10,5,195
23,LDA,PCA-40,1.5384615384615388,2.7457057101211984,10,5,195
23,LDA,Raw,1.1282051282051282,1.9004365278204849,10,5,195
23,k-NN,PCA-40,7.589591949068742,9.812014517672992,10,5,195
23,k-NN,Raw,6.395847222672666,7.306360427669324,10,5,195
24,LDA,PCA-40,0.4102564102564104,0.9609209793200135,10,5,195
24,LDA,Raw,0.05128205128205132,0.16216808513684008,10,5,195
24,k-NN,PCA-40,0.097560975609756,0.30851489367496354,10,5,195
24,k-NN,Raw,0.2500000000000001,0.4249182927993989,10,5,195
25,LDA,PCA-40,0.7692307692307689,2.0970673754504774,10,5,195
25,LDA,Raw,0.7692307692307692,1.8291397059002301,10,5,195
25,k-NN,PCA-40,2.737914861941318,5.126112558384643,10,5,195
25,k-NN,Raw,1.7254020464152398,1.6178538800426936,10,5,195
26,LDA,PCA-40,4.717948717948718,7.005627909913268,10,5,195
26,LDA,Raw,5.282051282051282,6.90162340186159,10,5,195
26,k-NN,PCA-40,0.2825581395348836,0.7348422207233405,10,5,195
26,k-NN,Raw,0.24041811846689876,0.5179684681363563,10,5,195
27,LDA,PCA-40,0.0,0.0,10,5,195
27,LDA,Raw,0.0,0.0,10,5,195
27,k-NN,PCA-40,0.0,0.0,10,5,195
27,k-NN,Raw,0.0,0.0,10,5,195
28,LDA,PCA-40,7.589743589743589,7.158291871891912,10,5,195
28,LDA,Raw,5.282051282051282,6.816420167469237,10,5,195
28,k-NN,PCA-40,10.550499983212688,8.127954048371569,10,5,195
28,k-NN,Raw,10.659817940981409,7.992277310591421,10,5,195
29,LDA,PCA-40,0.0,0.0,10,5,195
29,LDA,Raw,0.0,0.0,10,5,195
29,k-NN,PCA-40,0.4279056386651323,0.6944723074065592,10,5,195
29,k-NN,Raw,0.4744079449961799,0.8957394353588268,10,5,195
30,LDA,PCA-40,2.0512820512820515,3.1426968052735447,10,5,195
30,LDA,Raw,2.153846153846154,3.774643863892109,10,5,195
30,k-NN,PCA-40,0.0,0.0,10,5,195
30,k-NN,Raw,0.10000000000000005,0.21081851067789203,10,5,195
31,LDA,PCA-40,0.8205128205128205,1.1130817501606636,10,5,195
31,LDA,Raw,0.41025641025641024,0.8980461905342699,10,5,195
31,k-NN,PCA-40,1.6666666666666665,5.270462766947299,10,5,195
31,k-NN,Raw,3.333333333333333,7.027283689263064,10,5,195
32,LDA,PCA-40,0.0,0.0,10,5,195
32,LDA,Raw,0.05128205128205132,0.16216808513684008,10,5,195
32,k-NN,PCA-40,0.0,0.0,10,5,195
32,k-NN,Raw,0.0,0.0,10,5,195
33,LDA,PCA-40,0.9743589743589741,1.4793980528833368,10,5,195
33,LDA,Raw,1.076923076923077,1.1454267054872445,10,5,195
33,k-NN,PCA-40,0.050000000000000024,0.15811388300841903,10,5,195
33,k-NN,Raw,0.0,0.0,10,5,195
34,LDA,PCA-40,0.0,0.0,10,5,195
34,LDA,Raw,0.0,0.0,10,5,195
34,k-NN,PCA-40,0.0,0.0,10,5,195
34,k-NN,Raw,0.0,0.0,10,5,195
35,LDA,PCA-40,7.846153846153845,8.293857848965537,10,5,195
35,LDA,Raw,6.666666666666667,6.482217171233689,10,5,195
35,k-NN,PCA-40,20.94743002703616,14.134375974632905,10,5,195
35,k-NN,Raw,19.09638762447118,12.198413315532786,10,5,195
36,LDA,PCA-40,0.5641025641025641,1.6117401116339374,10,5,195
36,LDA,Raw,0.6666666666666666,0.9684933657583107,10,5,195
36,k-NN,PCA-40,2.6197808366378914,5.044825498339575,10,5,195
36,k-NN,Raw,2.129673203005001,5.219680468957742,10,5,195
37,LDA,PCA-40,3.1794871794871797,6.17186346290317,10,5,195
37,LDA,Raw,2.4615384615384617,6.19549062021158,10,5,195
37,k-NN,PCA-40,5.744888590742624,15.703788847638059,10,5,195
37,k-NN,Raw,5.5931936754883855,15.75476315642916,10,5,195
38,LDA,PCA-40,3.7435897435897436,4.6503895712708525,10,5,195
38,LDA,Raw,0.7179487179487182,0.8443821562549381,10,5,195
38,k-NN,PCA-40,1.3957293769654568,0.9116523706854254,10,5,195
38,k-NN,Raw,1.4361982468616703,0.9824868053783257,10,5,195
39,LDA,PCA-40,0.3076923076923077,0.6486723405473598,10,5,195
39,LDA,Raw,0.35897435897435903,0.8036006340884211,10,5,195
39,k-NN,PCA-40,0.4379790940766548,0.5798647591784771,10,5,195
39,k-NN,Raw,0.10000000000000005,0.31622776601683805,10,5,195
40,LDA,PCA-40,10.307692307692308,8.259966320249676,10,5,195
40,LDA,Raw,10.666666666666668,6.959595569230481,10,5,195
40,k-NN,PCA-40,14.164516743467027,13.007460788218978,10,5,195
40,k-NN,Raw,15.03326140537441,12.91058003254673,10,5,195
